user_id,product_id,product_name,category,recommendation_score
1,26,Operating Systems Book 26,Books,0.8967999815940857
1,28,Java Programming Book 28,Books,0.8964807391166687
1,24,AI Fundamentals Book 24,Books,0.8955095410346985
1,30,Cloud Computing Book 30,Books,0.8890753388404846
1,27,Computer Networks Book 27,Books,0.8845074772834778
2,58,Body Lotion 58,Beauty,0.86197829246521
2,59,Face Cream 59,Beauty,0.8530105352401733
2,54,Perfume 54,Beauty,0.8498399257659912
2,52,Moisturizer 52,Beauty,0.8493636250495911
2,53,Shampoo 53,Beauty,0.8466179370880127
3,152,Ergonomic Office Chair 152,Home,0.8672757148742676
3,154,Window Curtains 154,Home,0.8594424724578857
3,155,Wall Clock 155,Home,0.8559815883636475
3,156,Storage Organizer 156,Home,0.8301241993904114
3,153,Cotton Bed Sheet 153,Home,0.8297973871231079
4,125,Tablet 125,Electronics,0.9647722840309143
4,130,Bluetooth Speaker 130,Electronics,0.9124490022659302
4,123,Wireless Headphones 123,Electronics,0.8970519304275513
4,124,Smartwatch 124,Electronics,0.8969404101371765
4,127,Mechanical Keyboard 127,Electronics,0.8915345668792725
5,58,Body Lotion 58,Beauty,0.8178021907806396
5,54,Perfume 54,Beauty,0.7959230542182922
5,60,Beauty Care Kit 60,Beauty,0.7787138819694519
5,52,Moisturizer 52,Beauty,0.7770425081253052
5,55,Sunscreen 55,Beauty,0.7649328112602234
6,8,Wireless Mouse 8,Electronics,0.8574649691581726
6,5,Tablet 5,Electronics,0.8486155271530151
6,2,Laptop 2,Electronics,0.8333598375320435
6,10,Bluetooth Speaker 10,Electronics,0.8247566223144531
6,6,Digital Camera 6,Electronics,0.8084630966186523
7,87,Computer Networks Book 87,Books,0.8489220142364502
7,83,Machine Learning Book 83,Books,0.8345698118209839
7,90,Cloud Computing Book 90,Books,0.8178672790527344
7,89,Algorithms Book 89,Books,0.8151620626449585
7,84,AI Fundamentals Book 84,Books,0.7880469560623169
8,93,Cotton Bed Sheet 93,Home,0.9117676019668579
8,95,Wall Clock 95,Home,0.9097275733947754
8,91,Table Lamp 91,Home,0.9045177102088928
8,94,Window Curtains 94,Home,0.8998225927352905
8,96,Storage Organizer 96,Home,0.8970617651939392
9,175,Sunscreen 175,Beauty,0.864513099193573
9,176,Lip Balm 176,Beauty,0.834689736366272
9,177,Hair Oil 177,Beauty,0.8299676179885864
9,179,Face Cream 179,Beauty,0.8144077062606812
9,172,Moisturizer 172,Beauty,0.8021352291107178
10,42,Cricket Bat 42,Sports,0.929036021232605
10,45,Gym Gloves 45,Sports,0.9221599698066711
10,50,Fitness Band 50,Sports,0.8982184529304504
10,43,Badminton Racket 43,Sports,0.8905455470085144
10,46,Yoga Mat 46,Sports,0.8862520456314087
11,99,Steel Water Bottle 99,Home,0.8803404569625854
11,94,Window Curtains 94,Home,0.8749836087226868
11,91,Table Lamp 91,Home,0.873466968536377
11,97,Decorative Cushion 97,Home,0.8696826696395874
11,92,Ergonomic Office Chair 92,Home,0.8587674498558044
12,17,Wrist Watch 17,Fashion,0.8179693222045898
12,14,Running Sneakers 14,Fashion,0.8088400363922119
12,13,Casual Jacket 13,Fashion,0.7922309637069702
12,11,Cotton T-Shirt 11,Fashion,0.7919450998306274
12,19,Casual Shoes 19,Fashion,0.7843507528305054
13,175,Sunscreen 175,Beauty,0.7735130786895752
13,180,Beauty Care Kit 180,Beauty,0.7729018330574036
13,179,Face Cream 179,Beauty,0.7576095461845398
13,178,Body Lotion 178,Beauty,0.7502691745758057
13,176,Lip Balm 176,Beauty,0.7435798645019531
14,104,Tennis Ball Set 104,Sports,0.9416857957839966
14,106,Yoga Mat 106,Sports,0.9137564897537231
14,101,Football 101,Sports,0.9129535555839539
14,108,Sports Shoes 108,Sports,0.8991634845733643
14,102,Cricket Bat 102,Sports,0.8907556533813477
15,17,Wrist Watch 17,Fashion,0.7544878721237183
15,14,Running Sneakers 14,Fashion,0.7538051605224609
15,11,Cotton T-Shirt 11,Fashion,0.7326974868774414
15,13,Casual Jacket 13,Fashion,0.7311704158782959
15,18,Sunglasses 18,Fashion,0.7277727127075195
16,154,Window Curtains 154,Home,0.8240839242935181
16,155,Wall Clock 155,Home,0.7894632816314697
16,151,Table Lamp 151,Home,0.7868602275848389
16,152,Ergonomic Office Chair 152,Home,0.786247730255127
16,159,Steel Water Bottle 159,Home,0.770736575126648
17,169,Adjustable Dumbbells 169,Sports,0.8666106462478638
17,170,Fitness Band 170,Sports,0.8656629920005798
17,168,Sports Shoes 168,Sports,0.8477058410644531
17,162,Cricket Bat 162,Sports,0.8276680707931519
17,167,Skipping Rope 167,Sports,0.8158237934112549
18,14,Running Sneakers 14,Fashion,0.89109206199646
18,17,Wrist Watch 17,Fashion,0.8882450461387634
18,11,Cotton T-Shirt 11,Fashion,0.8861116170883179
18,12,Slim Fit Jeans 12,Fashion,0.8785439133644104
18,19,Casual Shoes 19,Fashion,0.8724762201309204
19,29,Algorithms Book 29,Books,0.8769615888595581
19,26,Operating Systems Book 26,Books,0.8702138662338257
19,27,Computer Networks Book 27,Books,0.8596144318580627
19,28,Java Programming Book 28,Books,0.8565152883529663
19,30,Cloud Computing Book 30,Books,0.8528720736503601
20,28,Java Programming Book 28,Books,0.8662981390953064
20,21,Python Programming Book 21,Books,0.8439903855323792
20,30,Cloud Computing Book 30,Books,0.8438127040863037
20,26,Operating Systems Book 26,Books,0.8433586359024048
20,24,AI Fundamentals Book 24,Books,0.8271422386169434
21,27,Computer Networks Book 27,Books,0.8784711956977844
21,24,AI Fundamentals Book 24,Books,0.8755161762237549
21,30,Cloud Computing Book 30,Books,0.8704958558082581
21,28,Java Programming Book 28,Books,0.8694479465484619
21,26,Operating Systems Book 26,Books,0.869378924369812
22,127,Mechanical Keyboard 127,Electronics,0.9019164443016052
22,125,Tablet 125,Electronics,0.8960553407669067
22,121,Smartphone 121,Electronics,0.8946570754051208
22,129,Computer Monitor 129,Electronics,0.890510618686676
22,126,Digital Camera 126,Electronics,0.88797527551651
23,188,Wireless Mouse 188,Electronics,0.8538159728050232
23,184,Smartwatch 184,Electronics,0.8526081442832947
23,183,Wireless Headphones 183,Electronics,0.8439371585845947
23,187,Mechanical Keyboard 187,Electronics,0.8209491968154907
23,181,Smartphone 181,Electronics,0.8205220699310303
24,184,Smartwatch 184,Electronics,0.8355985283851624
24,185,Tablet 185,Electronics,0.8209867477416992
24,183,Wireless Headphones 183,Electronics,0.8179944753646851
24,189,Computer Monitor 189,Electronics,0.8109277486801147
24,188,Wireless Mouse 188,Electronics,0.8000130653381348
25,14,Running Sneakers 14,Fashion,0.7281957864761353
25,15,Pullover Hoodie 15,Fashion,0.7279374003410339
25,17,Wrist Watch 17,Fashion,0.716395914554596
25,19,Casual Shoes 19,Fashion,0.7113457322120667
25,13,Casual Jacket 13,Fashion,0.7089641690254211
26,26,Operating Systems Book 26,Books,0.9710864424705505
26,30,Cloud Computing Book 30,Books,0.9391347765922546
26,28,Java Programming Book 28,Books,0.9364489912986755
26,24,AI Fundamentals Book 24,Books,0.9245641827583313
26,29,Algorithms Book 29,Books,0.9213298559188843
27,186,Digital Camera 186,Electronics,0.8764002919197083
27,188,Wireless Mouse 188,Electronics,0.8655471801757812
27,183,Wireless Headphones 183,Electronics,0.8524879813194275
27,181,Smartphone 181,Electronics,0.8472201824188232
27,182,Laptop 182,Electronics,0.8408360481262207
28,106,Yoga Mat 106,Sports,0.6951107978820801
28,104,Tennis Ball Set 104,Sports,0.6899286508560181
28,101,Football 101,Sports,0.6654908061027527
28,102,Cricket Bat 102,Sports,0.6603641510009766
28,108,Sports Shoes 108,Sports,0.6412400603294373
29,105,Gym Gloves 105,Sports,0.7591501474380493
29,102,Cricket Bat 102,Sports,0.7534162998199463
29,67,Mechanical Keyboard 67,Electronics,0.7425206303596497
29,69,Computer Monitor 69,Electronics,0.7418828010559082
29,110,Fitness Band 110,Sports,0.7410449981689453
30,78,Sunglasses 78,Fashion,0.8339457511901855
30,76,Travel Backpack 76,Fashion,0.7791018486022949
30,74,Running Sneakers 74,Fashion,0.7757683396339417
30,75,Pullover Hoodie 75,Fashion,0.7744978666305542
30,73,Casual Jacket 73,Fashion,0.7669916152954102
31,127,Mechanical Keyboard 127,Electronics,0.8981823325157166
31,126,Digital Camera 126,Electronics,0.8901498317718506
31,125,Tablet 125,Electronics,0.8880161046981812
31,123,Wireless Headphones 123,Electronics,0.8867378830909729
31,121,Smartphone 121,Electronics,0.8792948126792908
32,96,Storage Organizer 96,Home,0.904607892036438
32,99,Steel Water Bottle 99,Home,0.8945454359054565
32,94,Window Curtains 94,Home,0.8806321620941162
32,97,Decorative Cushion 97,Home,0.8748041987419128
32,93,Cotton Bed Sheet 93,Home,0.8722259402275085
33,101,Football 101,Sports,0.9479870796203613
33,108,Sports Shoes 108,Sports,0.9285640716552734
33,106,Yoga Mat 106,Sports,0.920905351638794
33,104,Tennis Ball Set 104,Sports,0.9084105491638184
33,110,Fitness Band 110,Sports,0.9049642086029053
34,8,Wireless Mouse 8,Electronics,0.8174026012420654
34,5,Tablet 5,Electronics,0.7992956042289734
34,2,Laptop 2,Electronics,0.795262336730957
34,10,Bluetooth Speaker 10,Electronics,0.7904812097549438
34,1,Smartphone 1,Electronics,0.7710000276565552
35,197,Wrist Watch 197,Fashion,0.8809034824371338
35,192,Slim Fit Jeans 192,Fashion,0.8731309771537781
35,194,Running Sneakers 194,Fashion,0.8709561228752136
35,198,Sunglasses 198,Fashion,0.8578599095344543
35,195,Pullover Hoodie 195,Fashion,0.854469358921051
36,37,Decorative Cushion 37,Home,0.8270726203918457
36,40,Home Decor Set 40,Home,0.8255271911621094
36,31,Table Lamp 31,Home,0.7990028858184814
36,32,Ergonomic Office Chair 32,Home,0.787821352481842
36,35,Wall Clock 35,Home,0.7712185382843018
37,179,Face Cream 179,Beauty,0.8367939591407776
37,173,Shampoo 173,Beauty,0.8306976556777954
37,175,Sunscreen 175,Beauty,0.8179082274436951
37,178,Body Lotion 178,Beauty,0.7996560335159302
37,177,Hair Oil 177,Beauty,0.7821574807167053
38,170,Fitness Band 170,Sports,0.8893219232559204
38,161,Football 161,Sports,0.8844846487045288
38,169,Adjustable Dumbbells 169,Sports,0.8821487426757812
38,162,Cricket Bat 162,Sports,0.882075309753418
38,168,Sports Shoes 168,Sports,0.877916157245636
39,50,Fitness Band 50,Sports,0.7912360429763794
39,43,Badminton Racket 43,Sports,0.7863370180130005
39,47,Skipping Rope 47,Sports,0.7834540605545044
39,42,Cricket Bat 42,Sports,0.779026210308075
39,46,Yoga Mat 46,Sports,0.7708021402359009
40,24,AI Fundamentals Book 24,Books,0.8925257325172424
40,27,Computer Networks Book 27,Books,0.8870156407356262
40,30,Cloud Computing Book 30,Books,0.880742073059082
40,23,Machine Learning Book 23,Books,0.8798215985298157
40,21,Python Programming Book 21,Books,0.8774939179420471
41,115,Sunscreen 115,Beauty,0.838492214679718
41,113,Shampoo 113,Beauty,0.8271434307098389
41,114,Perfume 114,Beauty,0.7965925931930542
41,111,Face Wash 111,Beauty,0.7907958030700684
41,120,Beauty Care Kit 120,Beauty,0.7861037850379944
42,57,Hair Oil 57,Beauty,0.8424215912818909
42,54,Perfume 54,Beauty,0.8339942693710327
42,59,Face Cream 59,Beauty,0.8252710700035095
42,53,Shampoo 53,Beauty,0.8143589496612549
42,52,Moisturizer 52,Beauty,0.8011541962623596
43,175,Sunscreen 175,Beauty,0.9308376312255859
43,177,Hair Oil 177,Beauty,0.8987399339675903
43,179,Face Cream 179,Beauty,0.8876960277557373
43,171,Face Wash 171,Beauty,0.8848413228988647
43,174,Perfume 174,Beauty,0.8821455240249634
44,197,Wrist Watch 197,Fashion,0.8604564070701599
44,198,Sunglasses 198,Fashion,0.8202851414680481
44,194,Running Sneakers 194,Fashion,0.819098949432373
44,192,Slim Fit Jeans 192,Fashion,0.8170121908187866
44,193,Casual Jacket 193,Fashion,0.8095358610153198
45,175,Sunscreen 175,Beauty,0.9152402877807617
45,172,Moisturizer 172,Beauty,0.8833714723587036
45,8,Wireless Mouse 8,Electronics,0.880630373954773
45,180,Beauty Care Kit 180,Beauty,0.8801151514053345
45,171,Face Wash 171,Beauty,0.8742884993553162
46,97,Decorative Cushion 97,Home,0.8179593682289124
46,94,Window Curtains 94,Home,0.8147856593132019
46,96,Storage Organizer 96,Home,0.8127350211143494
46,99,Steel Water Bottle 99,Home,0.8096062541007996
46,95,Wall Clock 95,Home,0.8025946021080017
47,45,Gym Gloves 45,Sports,0.8724456429481506
47,42,Cricket Bat 42,Sports,0.8653547763824463
47,43,Badminton Racket 43,Sports,0.8511842489242554
47,46,Yoga Mat 46,Sports,0.8498347401618958
47,47,Skipping Rope 47,Sports,0.8480834364891052
48,37,Decorative Cushion 37,Home,0.8759868741035461
48,35,Wall Clock 35,Home,0.8514759540557861
48,40,Home Decor Set 40,Home,0.821950376033783
48,32,Ergonomic Office Chair 32,Home,0.8109327554702759
48,33,Cotton Bed Sheet 33,Home,0.8070948719978333
49,45,Gym Gloves 45,Sports,0.9105655550956726
49,42,Cricket Bat 42,Sports,0.8987634778022766
49,43,Badminton Racket 43,Sports,0.89326411485672
49,47,Skipping Rope 47,Sports,0.8875421285629272
49,46,Yoga Mat 46,Sports,0.883794903755188
50,97,Decorative Cushion 97,Home,0.7428128719329834
50,99,Steel Water Bottle 99,Home,0.7375411987304688
50,94,Window Curtains 94,Home,0.7364190816879272
50,96,Storage Organizer 96,Home,0.7329777479171753
50,100,Home Decor Set 100,Home,0.7051775455474854
51,69,Computer Monitor 69,Electronics,0.8469246625900269
51,70,Bluetooth Speaker 70,Electronics,0.817855954170227
51,63,Wireless Headphones 63,Electronics,0.8160296082496643
51,65,Tablet 65,Electronics,0.815302312374115
51,67,Mechanical Keyboard 67,Electronics,0.8119080066680908
52,69,Computer Monitor 69,Electronics,0.857275128364563
52,66,Digital Camera 66,Electronics,0.8278999924659729
52,65,Tablet 65,Electronics,0.8233126401901245
52,64,Smartwatch 64,Electronics,0.8076870441436768
52,61,Smartphone 61,Electronics,0.8073470592498779
53,165,Gym Gloves 165,Sports,0.8373417258262634
53,161,Football 161,Sports,0.8362826704978943
53,169,Adjustable Dumbbells 169,Sports,0.8360978960990906
53,162,Cricket Bat 162,Sports,0.8299326300621033
53,170,Fitness Band 170,Sports,0.8298237919807434
54,83,Machine Learning Book 83,Books,0.8799831867218018
54,87,Computer Networks Book 87,Books,0.8773912191390991
54,90,Cloud Computing Book 90,Books,0.8536738157272339
54,89,Algorithms Book 89,Books,0.8487963080406189
54,85,Database Systems Book 85,Books,0.8454546928405762
55,26,Operating Systems Book 26,Books,0.8661214709281921
55,24,AI Fundamentals Book 24,Books,0.8563873767852783
55,29,Algorithms Book 29,Books,0.8495713472366333
55,30,Cloud Computing Book 30,Books,0.841107964515686
55,28,Java Programming Book 28,Books,0.8346878290176392
56,83,Machine Learning Book 83,Books,0.6899386048316956
56,90,Cloud Computing Book 90,Books,0.6897652745246887
56,89,Algorithms Book 89,Books,0.6727141737937927
56,87,Computer Networks Book 87,Books,0.6690818667411804
56,82,Data Science Book 82,Books,0.6653017997741699
57,101,Football 101,Sports,0.6241962909698486
57,8,Wireless Mouse 8,Electronics,0.6217797994613647
57,104,Tennis Ball Set 104,Sports,0.6204378008842468
57,106,Yoga Mat 106,Sports,0.5997909903526306
57,10,Bluetooth Speaker 10,Electronics,0.598842442035675
58,45,Gym Gloves 45,Sports,0.8659958839416504
58,42,Cricket Bat 42,Sports,0.8636948466300964
58,47,Skipping Rope 47,Sports,0.8597564101219177
58,46,Yoga Mat 46,Sports,0.8584622740745544
58,43,Badminton Racket 43,Sports,0.8514978289604187
59,57,Hair Oil 57,Beauty,0.8225865960121155
59,54,Perfume 54,Beauty,0.8060541152954102
59,53,Shampoo 53,Beauty,0.7796825170516968
59,52,Moisturizer 52,Beauty,0.7628863453865051
59,56,Lip Balm 56,Beauty,0.7620869874954224
60,175,Sunscreen 175,Beauty,0.9067916870117188
60,180,Beauty Care Kit 180,Beauty,0.8809065818786621
60,174,Perfume 174,Beauty,0.8759350776672363
60,176,Lip Balm 176,Beauty,0.8724602460861206
60,179,Face Cream 179,Beauty,0.8605773448944092
61,175,Sunscreen 175,Beauty,0.9385661482810974
61,173,Shampoo 173,Beauty,0.9072218537330627
61,176,Lip Balm 176,Beauty,0.9068979620933533
61,177,Hair Oil 177,Beauty,0.9035542607307434
61,180,Beauty Care Kit 180,Beauty,0.8999478816986084
62,37,Decorative Cushion 37,Home,0.7540715932846069
62,40,Home Decor Set 40,Home,0.7450369596481323
62,31,Table Lamp 31,Home,0.7342640161514282
62,32,Ergonomic Office Chair 32,Home,0.7180984616279602
62,35,Wall Clock 35,Home,0.7125436663627625
63,50,Fitness Band 50,Sports,0.7956609725952148
63,48,Sports Shoes 48,Sports,0.7930740714073181
63,42,Cricket Bat 42,Sports,0.7927033305168152
63,47,Skipping Rope 47,Sports,0.7841969728469849
63,46,Yoga Mat 46,Sports,0.7805628180503845
64,17,Wrist Watch 17,Fashion,0.8413018584251404
64,14,Running Sneakers 14,Fashion,0.8384425640106201
64,18,Sunglasses 18,Fashion,0.8370750546455383
64,15,Pullover Hoodie 15,Fashion,0.8270497918128967
64,13,Casual Jacket 13,Fashion,0.8223909735679626
65,185,Tablet 185,Electronics,0.8481119871139526
65,183,Wireless Headphones 183,Electronics,0.8342134952545166
65,184,Smartwatch 184,Electronics,0.8285744190216064
65,181,Smartphone 181,Electronics,0.8097057342529297
65,182,Laptop 182,Electronics,0.8076162338256836
66,47,Skipping Rope 47,Sports,0.818297266960144
66,43,Badminton Racket 43,Sports,0.816441535949707
66,50,Fitness Band 50,Sports,0.7978267669677734
66,48,Sports Shoes 48,Sports,0.7950436472892761
66,42,Cricket Bat 42,Sports,0.7935552597045898
67,45,Gym Gloves 45,Sports,0.8609188199043274
67,50,Fitness Band 50,Sports,0.849928081035614
67,42,Cricket Bat 42,Sports,0.848831832408905
67,46,Yoga Mat 46,Sports,0.8468610644340515
67,43,Badminton Racket 43,Sports,0.8381118178367615
68,96,Storage Organizer 96,Home,0.9037384986877441
68,97,Decorative Cushion 97,Home,0.890554666519165
68,93,Cotton Bed Sheet 93,Home,0.8808266520500183
68,95,Wall Clock 95,Home,0.8654969930648804
68,99,Steel Water Bottle 99,Home,0.8518252372741699
69,118,Body Lotion 118,Beauty,0.6812212467193604
69,117,Hair Oil 117,Beauty,0.6556015610694885
69,120,Beauty Care Kit 120,Beauty,0.6383697390556335
69,119,Face Cream 119,Beauty,0.6379421949386597
69,116,Lip Balm 116,Beauty,0.6304981708526611
70,70,Bluetooth Speaker 70,Electronics,0.568773090839386
70,69,Computer Monitor 69,Electronics,0.5630109310150146
70,62,Laptop 62,Electronics,0.5605849027633667
70,61,Smartphone 61,Electronics,0.5536971092224121
70,64,Smartwatch 64,Electronics,0.5489453077316284
71,31,Table Lamp 31,Home,0.896697998046875
71,37,Decorative Cushion 37,Home,0.8904128074645996
71,32,Ergonomic Office Chair 32,Home,0.8850201368331909
71,35,Wall Clock 35,Home,0.8725602030754089
71,34,Window Curtains 34,Home,0.8627119660377502
72,175,Sunscreen 175,Beauty,0.8560308218002319
72,176,Lip Balm 176,Beauty,0.8288302421569824
72,180,Beauty Care Kit 180,Beauty,0.8216322064399719
72,177,Hair Oil 177,Beauty,0.821563184261322
72,179,Face Cream 179,Beauty,0.819687008857727
73,198,Sunglasses 198,Fashion,0.9109613299369812
73,194,Running Sneakers 194,Fashion,0.8788338303565979
73,192,Slim Fit Jeans 192,Fashion,0.8740766644477844
73,191,Cotton T-Shirt 191,Fashion,0.8739765882492065
73,196,Travel Backpack 196,Fashion,0.8732724189758301
74,72,Slim Fit Jeans 72,Fashion,0.8577552437782288
74,78,Sunglasses 78,Fashion,0.840929388999939
74,75,Pullover Hoodie 75,Fashion,0.8395838737487793
74,79,Casual Shoes 79,Fashion,0.8296133875846863
74,80,Baseball Cap 80,Fashion,0.8196832537651062
75,54,Perfume 54,Beauty,0.8930449485778809
75,52,Moisturizer 52,Beauty,0.8911989331245422
75,53,Shampoo 53,Beauty,0.8905659317970276
75,59,Face Cream 59,Beauty,0.8862795829772949
75,58,Body Lotion 58,Beauty,0.883707582950592
76,1,Smartphone 1,Electronics,0.8778384327888489
76,3,Wireless Headphones 3,Electronics,0.8690823316574097
76,10,Bluetooth Speaker 10,Electronics,0.8433419466018677
76,2,Laptop 2,Electronics,0.8409699201583862
76,8,Wireless Mouse 8,Electronics,0.8402318954467773
77,101,Football 101,Sports,0.8827738761901855
77,108,Sports Shoes 108,Sports,0.8323993682861328
77,110,Fitness Band 110,Sports,0.8315430879592896
77,106,Yoga Mat 106,Sports,0.8156541585922241
77,104,Tennis Ball Set 104,Sports,0.812406599521637
78,78,Sunglasses 78,Fashion,0.8993725776672363
78,72,Slim Fit Jeans 72,Fashion,0.8328513503074646
78,74,Running Sneakers 74,Fashion,0.8307251334190369
78,75,Pullover Hoodie 75,Fashion,0.826752781867981
78,73,Casual Jacket 73,Fashion,0.8242602944374084
79,53,Shampoo 53,Beauty,0.6419023871421814
79,58,Body Lotion 58,Beauty,0.6376637816429138
79,57,Hair Oil 57,Beauty,0.6341524124145508
79,54,Perfume 54,Beauty,0.6277496814727783
79,59,Face Cream 59,Beauty,0.6238638162612915
80,125,Tablet 125,Electronics,0.8281072974205017
80,130,Bluetooth Speaker 130,Electronics,0.7984535694122314
80,127,Mechanical Keyboard 127,Electronics,0.7794976830482483
80,123,Wireless Headphones 123,Electronics,0.7761542797088623
80,124,Smartwatch 124,Electronics,0.7739192247390747
81,151,Table Lamp 151,Home,0.9195951819419861
81,155,Wall Clock 155,Home,0.8961867690086365
81,153,Cotton Bed Sheet 153,Home,0.8718329668045044
81,154,Window Curtains 154,Home,0.8686294555664062
81,158,Desk Organizer 158,Home,0.8666069507598877
82,54,Perfume 54,Beauty,0.7372831106185913
82,58,Body Lotion 58,Beauty,0.7345595359802246
82,57,Hair Oil 57,Beauty,0.7304250597953796
82,53,Shampoo 53,Beauty,0.7248106598854065
82,56,Lip Balm 56,Beauty,0.6895477771759033
83,115,Sunscreen 115,Beauty,0.8201984167098999
83,113,Shampoo 113,Beauty,0.8074845671653748
83,114,Perfume 114,Beauty,0.7921992540359497
83,120,Beauty Care Kit 120,Beauty,0.7918152809143066
83,112,Moisturizer 112,Beauty,0.7836097478866577
84,78,Sunglasses 78,Fashion,0.7807570099830627
84,76,Travel Backpack 76,Fashion,0.7698920369148254
84,75,Pullover Hoodie 75,Fashion,0.7672900557518005
84,79,Casual Shoes 79,Fashion,0.7616999745368958
84,77,Wrist Watch 77,Fashion,0.7612264752388
85,69,Computer Monitor 69,Electronics,0.8298428654670715
85,70,Bluetooth Speaker 70,Electronics,0.8058372139930725
85,66,Digital Camera 66,Electronics,0.8046532273292542
85,63,Wireless Headphones 63,Electronics,0.8006006479263306
85,61,Smartphone 61,Electronics,0.8004063367843628
86,106,Yoga Mat 106,Sports,0.8059606552124023
86,104,Tennis Ball Set 104,Sports,0.7731561064720154
86,102,Cricket Bat 102,Sports,0.7728934288024902
86,101,Football 101,Sports,0.7546794414520264
86,103,Badminton Racket 103,Sports,0.7404018640518188
87,28,Java Programming Book 28,Books,0.8659954071044922
87,30,Cloud Computing Book 30,Books,0.8526178002357483
87,23,Machine Learning Book 23,Books,0.8452550768852234
87,26,Operating Systems Book 26,Books,0.8435508608818054
87,24,AI Fundamentals Book 24,Books,0.843086838722229
88,114,Perfume 114,Beauty,0.8925973176956177
88,112,Moisturizer 112,Beauty,0.892203688621521
88,118,Body Lotion 118,Beauty,0.8906536102294922
88,113,Shampoo 113,Beauty,0.8612126111984253
88,111,Face Wash 111,Beauty,0.8576228618621826
89,121,Smartphone 121,Electronics,0.8987694382667542
89,125,Tablet 125,Electronics,0.8982373476028442
89,127,Mechanical Keyboard 127,Electronics,0.8876563906669617
89,126,Digital Camera 126,Electronics,0.8805873394012451
89,128,Wireless Mouse 128,Electronics,0.8769159317016602
90,101,Football 101,Sports,0.8320444226264954
90,104,Tennis Ball Set 104,Sports,0.8184272646903992
90,106,Yoga Mat 106,Sports,0.7988168001174927
90,108,Sports Shoes 108,Sports,0.7721888422966003
90,103,Badminton Racket 103,Sports,0.7692282795906067
91,37,Decorative Cushion 37,Home,0.8688714504241943
91,35,Wall Clock 35,Home,0.8668832182884216
91,40,Home Decor Set 40,Home,0.8560823202133179
91,32,Ergonomic Office Chair 32,Home,0.8448078036308289
91,34,Window Curtains 34,Home,0.8375903367996216
92,52,Moisturizer 52,Beauty,0.8762388825416565
92,58,Body Lotion 58,Beauty,0.8695695400238037
92,54,Perfume 54,Beauty,0.8606361150741577
92,53,Shampoo 53,Beauty,0.8550103306770325
92,56,Lip Balm 56,Beauty,0.8542696833610535
93,83,Machine Learning Book 83,Books,0.8780581951141357
93,90,Cloud Computing Book 90,Books,0.8637136220932007
93,89,Algorithms Book 89,Books,0.8542124629020691
93,87,Computer Networks Book 87,Books,0.8479451537132263
93,82,Data Science Book 82,Books,0.8352953195571899
94,37,Decorative Cushion 37,Home,0.7719879746437073
94,40,Home Decor Set 40,Home,0.7695872187614441
94,31,Table Lamp 31,Home,0.7636855244636536
94,34,Window Curtains 34,Home,0.7552225589752197
94,33,Cotton Bed Sheet 33,Home,0.7454977631568909
95,137,Wrist Watch 137,Fashion,0.878012478351593
95,132,Slim Fit Jeans 132,Fashion,0.8595361709594727
95,131,Cotton T-Shirt 131,Fashion,0.8392002582550049
95,135,Pullover Hoodie 135,Fashion,0.8299638032913208
95,133,Casual Jacket 133,Fashion,0.8161154985427856
96,101,Football 101,Sports,0.8675748109817505
96,106,Yoga Mat 106,Sports,0.8333934545516968
96,104,Tennis Ball Set 104,Sports,0.8267849087715149
96,107,Skipping Rope 107,Sports,0.8244571685791016
96,103,Badminton Racket 103,Sports,0.8130422830581665
97,197,Wrist Watch 197,Fashion,0.7477372884750366
97,198,Sunglasses 198,Fashion,0.743968665599823
97,192,Slim Fit Jeans 192,Fashion,0.733360230922699
97,195,Pullover Hoodie 195,Fashion,0.7230550050735474
97,194,Running Sneakers 194,Fashion,0.7163892388343811
98,37,Decorative Cushion 37,Home,0.8200476169586182
98,31,Table Lamp 31,Home,0.8129174113273621
98,35,Wall Clock 35,Home,0.8027897477149963
98,32,Ergonomic Office Chair 32,Home,0.7990495562553406
98,34,Window Curtains 34,Home,0.7889506220817566
99,183,Wireless Headphones 183,Electronics,0.8998372554779053
99,182,Laptop 182,Electronics,0.889423131942749
99,181,Smartphone 181,Electronics,0.8735188245773315
99,189,Computer Monitor 189,Electronics,0.8732902407646179
99,184,Smartwatch 184,Electronics,0.849941611289978
100,83,Machine Learning Book 83,Books,0.9222590923309326
100,89,Algorithms Book 89,Books,0.9103193283081055
100,87,Computer Networks Book 87,Books,0.9068124294281006
100,90,Cloud Computing Book 90,Books,0.9050504565238953
100,82,Data Science Book 82,Books,0.8763680458068848
101,137,Wrist Watch 137,Fashion,0.9407675266265869
101,132,Slim Fit Jeans 132,Fashion,0.9048734903335571
101,135,Pullover Hoodie 135,Fashion,0.8986321687698364
101,134,Running Sneakers 134,Fashion,0.8943856954574585
101,131,Cotton T-Shirt 131,Fashion,0.8847110271453857
102,165,Gym Gloves 165,Sports,0.8992832899093628
102,161,Football 161,Sports,0.8694113492965698
102,170,Fitness Band 170,Sports,0.8627511858940125
102,168,Sports Shoes 168,Sports,0.8557839393615723
102,164,Tennis Ball Set 164,Sports,0.8371509313583374
103,69,Computer Monitor 69,Electronics,0.830359160900116
103,61,Smartphone 61,Electronics,0.8040852546691895
103,63,Wireless Headphones 63,Electronics,0.8005155324935913
103,70,Bluetooth Speaker 70,Electronics,0.7953087091445923
103,68,Wireless Mouse 68,Electronics,0.7905754446983337
104,133,Casual Jacket 133,Fashion,0.9308112859725952
104,137,Wrist Watch 137,Fashion,0.9198347330093384
104,135,Pullover Hoodie 135,Fashion,0.9194973111152649
104,138,Sunglasses 138,Fashion,0.9057466983795166
104,139,Casual Shoes 139,Fashion,0.8883345127105713
105,106,Yoga Mat 106,Sports,0.9266135692596436
105,104,Tennis Ball Set 104,Sports,0.9135651588439941
105,103,Badminton Racket 103,Sports,0.8943434953689575
105,101,Football 101,Sports,0.8931613564491272
105,108,Sports Shoes 108,Sports,0.8828730583190918
106,106,Yoga Mat 106,Sports,0.8673110604286194
106,103,Badminton Racket 103,Sports,0.8548582196235657
106,107,Skipping Rope 107,Sports,0.8486087322235107
106,104,Tennis Ball Set 104,Sports,0.8476284742355347
106,109,Adjustable Dumbbells 109,Sports,0.8397278189659119
107,92,Ergonomic Office Chair 92,Home,0.8481384515762329
107,100,Home Decor Set 100,Home,0.8460527658462524
107,97,Decorative Cushion 97,Home,0.827126681804657
107,99,Steel Water Bottle 99,Home,0.8256221413612366
107,91,Table Lamp 91,Home,0.8150840401649475
108,95,Wall Clock 95,Home,0.7492821216583252
108,93,Cotton Bed Sheet 93,Home,0.7437549233436584
108,91,Table Lamp 91,Home,0.7389065623283386
108,92,Ergonomic Office Chair 92,Home,0.7377790808677673
108,97,Decorative Cushion 97,Home,0.7351221442222595
109,104,Tennis Ball Set 104,Sports,0.8985394239425659
109,106,Yoga Mat 106,Sports,0.8732079267501831
109,109,Adjustable Dumbbells 109,Sports,0.8582982420921326
109,101,Football 101,Sports,0.8554587364196777
109,103,Badminton Racket 103,Sports,0.8529388904571533
110,97,Decorative Cushion 97,Home,0.9286462664604187
110,96,Storage Organizer 96,Home,0.921951949596405
110,94,Window Curtains 94,Home,0.9159624576568604
110,99,Steel Water Bottle 99,Home,0.9130926132202148
110,95,Wall Clock 95,Home,0.9043158292770386
111,42,Cricket Bat 42,Sports,0.912811815738678
111,45,Gym Gloves 45,Sports,0.9072006344795227
111,50,Fitness Band 50,Sports,0.8866139650344849
111,49,Adjustable Dumbbells 49,Sports,0.8643705248832703
111,43,Badminton Racket 43,Sports,0.8531592488288879
112,137,Wrist Watch 137,Fashion,0.8572649955749512
112,135,Pullover Hoodie 135,Fashion,0.8082187175750732
112,131,Cotton T-Shirt 131,Fashion,0.7834283113479614
112,136,Travel Backpack 136,Fashion,0.768776535987854
112,132,Slim Fit Jeans 132,Fashion,0.7632029056549072
113,53,Shampoo 53,Beauty,0.8473866581916809
113,59,Face Cream 59,Beauty,0.8448057174682617
113,56,Lip Balm 56,Beauty,0.8339176774024963
113,52,Moisturizer 52,Beauty,0.8288744688034058
113,54,Perfume 54,Beauty,0.8270914554595947
114,183,Wireless Headphones 183,Electronics,0.777767539024353
114,185,Tablet 185,Electronics,0.7695702910423279
114,186,Digital Camera 186,Electronics,0.7661210298538208
114,184,Smartwatch 184,Electronics,0.7635371685028076
114,187,Mechanical Keyboard 187,Electronics,0.759452223777771
115,121,Smartphone 121,Electronics,0.9095396995544434
115,123,Wireless Headphones 123,Electronics,0.8778567314147949
115,125,Tablet 125,Electronics,0.8700062036514282
115,127,Mechanical Keyboard 127,Electronics,0.8670252561569214
115,128,Wireless Mouse 128,Electronics,0.8659443855285645
116,2,Laptop 2,Electronics,0.7285512685775757
116,8,Wireless Mouse 8,Electronics,0.7237396240234375
116,5,Tablet 5,Electronics,0.7205810546875
116,10,Bluetooth Speaker 10,Electronics,0.7074207067489624
116,1,Smartphone 1,Electronics,0.6880242824554443
117,97,Decorative Cushion 97,Home,0.9038720726966858
117,92,Ergonomic Office Chair 92,Home,0.9009625911712646
117,91,Table Lamp 91,Home,0.9002792835235596
117,99,Steel Water Bottle 99,Home,0.8956081867218018
117,94,Window Curtains 94,Home,0.8947284817695618
118,131,Cotton T-Shirt 131,Fashion,0.8381475806236267
118,135,Pullover Hoodie 135,Fashion,0.8351446390151978
118,137,Wrist Watch 137,Fashion,0.8175581097602844
118,132,Slim Fit Jeans 132,Fashion,0.8018966913223267
118,133,Casual Jacket 133,Fashion,0.7982978224754333
119,106,Yoga Mat 106,Sports,0.7669385075569153
119,103,Badminton Racket 103,Sports,0.7468692064285278
119,104,Tennis Ball Set 104,Sports,0.7454379200935364
119,101,Football 101,Sports,0.7393847107887268
119,108,Sports Shoes 108,Sports,0.7354834675788879
120,149,Algorithms Book 149,Books,0.6817596554756165
120,141,Python Programming Book 141,Books,0.6798003911972046
120,150,Cloud Computing Book 150,Books,0.6758456826210022
120,143,Machine Learning Book 143,Books,0.6676149964332581
120,146,Operating Systems Book 146,Books,0.6664050817489624
121,170,Fitness Band 170,Sports,0.8733747601509094
121,169,Adjustable Dumbbells 169,Sports,0.8667405843734741
121,162,Cricket Bat 162,Sports,0.8582428693771362
121,165,Gym Gloves 165,Sports,0.8567169904708862
121,168,Sports Shoes 168,Sports,0.8490815758705139
122,54,Perfume 54,Beauty,0.9075036644935608
122,52,Moisturizer 52,Beauty,0.8752599954605103
122,53,Shampoo 53,Beauty,0.8671295642852783
122,58,Body Lotion 58,Beauty,0.8608790040016174
122,57,Hair Oil 57,Beauty,0.8554356694221497
123,99,Steel Water Bottle 99,Home,0.8504402041435242
123,97,Decorative Cushion 97,Home,0.8362605571746826
123,92,Ergonomic Office Chair 92,Home,0.8352029919624329
123,96,Storage Organizer 96,Home,0.8244707584381104
123,98,Desk Organizer 98,Home,0.8235049247741699
124,198,Sunglasses 198,Fashion,0.8903725147247314
124,194,Running Sneakers 194,Fashion,0.8689963221549988
124,192,Slim Fit Jeans 192,Fashion,0.8477268218994141
124,106,Yoga Mat 106,Sports,0.8400059342384338
124,199,Casual Shoes 199,Fashion,0.8321893215179443
125,27,Computer Networks Book 27,Books,0.8565154075622559
125,78,Sunglasses 78,Fashion,0.8500227928161621
125,22,Data Science Book 22,Books,0.8421199917793274
125,30,Cloud Computing Book 30,Books,0.8325308561325073
125,21,Python Programming Book 21,Books,0.8316575288772583
126,93,Cotton Bed Sheet 93,Home,0.8547080755233765
126,97,Decorative Cushion 97,Home,0.8429755568504333
126,94,Window Curtains 94,Home,0.8383665680885315
126,100,Home Decor Set 100,Home,0.8345203399658203
126,99,Steel Water Bottle 99,Home,0.8325722813606262
127,69,Computer Monitor 69,Electronics,0.8440373539924622
127,66,Digital Camera 66,Electronics,0.8178699016571045
127,70,Bluetooth Speaker 70,Electronics,0.8014363646507263
127,61,Smartphone 61,Electronics,0.7920923233032227
127,64,Smartwatch 64,Electronics,0.7844932675361633
128,10,Bluetooth Speaker 10,Electronics,0.8655431866645813
128,5,Tablet 5,Electronics,0.8502833247184753
128,8,Wireless Mouse 8,Electronics,0.8378145098686218
128,6,Digital Camera 6,Electronics,0.8316189050674438
128,3,Wireless Headphones 3,Electronics,0.8253947496414185
129,78,Sunglasses 78,Fashion,0.8633744716644287
129,75,Pullover Hoodie 75,Fashion,0.843235194683075
129,79,Casual Shoes 79,Fashion,0.8337163329124451
129,72,Slim Fit Jeans 72,Fashion,0.8309623003005981
129,76,Travel Backpack 76,Fashion,0.8247232437133789
130,198,Sunglasses 198,Fashion,0.705397367477417
130,191,Cotton T-Shirt 191,Fashion,0.6268934011459351
130,200,Baseball Cap 200,Fashion,0.6163437962532043
130,196,Travel Backpack 196,Fashion,0.6103883981704712
130,193,Casual Jacket 193,Fashion,0.591528594493866
131,149,Algorithms Book 149,Books,0.8199020028114319
131,146,Operating Systems Book 146,Books,0.8161036968231201
131,144,AI Fundamentals Book 144,Books,0.8127344250679016
131,141,Python Programming Book 141,Books,0.8106038570404053
131,142,Data Science Book 142,Books,0.8068732023239136
132,183,Wireless Headphones 183,Electronics,0.9034706354141235
132,182,Laptop 182,Electronics,0.8882706165313721
132,181,Smartphone 181,Electronics,0.8692190051078796
132,189,Computer Monitor 189,Electronics,0.8581762313842773
132,188,Wireless Mouse 188,Electronics,0.8536570072174072
133,122,Laptop 122,Electronics,0.839242696762085
133,129,Computer Monitor 129,Electronics,0.7980681657791138
133,128,Wireless Mouse 128,Electronics,0.7978588342666626
133,126,Digital Camera 126,Electronics,0.7970564365386963
133,127,Mechanical Keyboard 127,Electronics,0.7968892455101013
134,125,Tablet 125,Electronics,0.8532835841178894
134,127,Mechanical Keyboard 127,Electronics,0.8515321016311646
134,121,Smartphone 121,Electronics,0.8418900966644287
134,126,Digital Camera 126,Electronics,0.8362674713134766
134,123,Wireless Headphones 123,Electronics,0.8282861113548279
135,42,Cricket Bat 42,Sports,0.8739815950393677
135,47,Skipping Rope 47,Sports,0.8644312620162964
135,48,Sports Shoes 48,Sports,0.8612221479415894
135,46,Yoga Mat 46,Sports,0.8581362962722778
135,45,Gym Gloves 45,Sports,0.8423423767089844
136,37,Decorative Cushion 37,Home,0.8541322350502014
136,31,Table Lamp 31,Home,0.8504657745361328
136,40,Home Decor Set 40,Home,0.8225715756416321
136,34,Window Curtains 34,Home,0.8169458508491516
136,32,Ergonomic Office Chair 32,Home,0.8166435360908508
137,72,Slim Fit Jeans 72,Fashion,0.8182050585746765
137,75,Pullover Hoodie 75,Fashion,0.8130543828010559
137,78,Sunglasses 78,Fashion,0.8112087249755859
137,79,Casual Shoes 79,Fashion,0.8067898154258728
137,77,Wrist Watch 77,Fashion,0.7986447215080261
138,164,Tennis Ball Set 164,Sports,0.7146156430244446
138,162,Cricket Bat 162,Sports,0.6868549585342407
138,168,Sports Shoes 168,Sports,0.6626900434494019
138,167,Skipping Rope 167,Sports,0.6525028944015503
138,170,Fitness Band 170,Sports,0.6505125761032104
139,11,Cotton T-Shirt 11,Fashion,0.8987549543380737
139,17,Wrist Watch 17,Fashion,0.8900235891342163
139,19,Casual Shoes 19,Fashion,0.8777121901512146
139,14,Running Sneakers 14,Fashion,0.8691452741622925
139,12,Slim Fit Jeans 12,Fashion,0.8385249376296997
140,78,Sunglasses 78,Fashion,0.8833803534507751
140,72,Slim Fit Jeans 72,Fashion,0.8818315863609314
140,79,Casual Shoes 79,Fashion,0.8793476223945618
140,76,Travel Backpack 76,Fashion,0.8687619566917419
140,75,Pullover Hoodie 75,Fashion,0.8669789433479309
141,142,Data Science Book 142,Books,0.8342824578285217
141,150,Cloud Computing Book 150,Books,0.8220938444137573
141,145,Database Systems Book 145,Books,0.8082003593444824
141,149,Algorithms Book 149,Books,0.8070850372314453
141,146,Operating Systems Book 146,Books,0.8036638498306274
142,149,Algorithms Book 149,Books,0.8345586061477661
142,148,Java Programming Book 148,Books,0.7740678191184998
142,147,Computer Networks Book 147,Books,0.7732235193252563
142,150,Cloud Computing Book 150,Books,0.7721341848373413
142,141,Python Programming Book 141,Books,0.7653631567955017
143,175,Sunscreen 175,Beauty,0.9406723380088806
143,180,Beauty Care Kit 180,Beauty,0.9060434103012085
143,179,Face Cream 179,Beauty,0.8963679075241089
143,176,Lip Balm 176,Beauty,0.8916558027267456
143,178,Body Lotion 178,Beauty,0.8894445896148682
144,101,Football 101,Sports,0.9263896346092224
144,106,Yoga Mat 106,Sports,0.9136928915977478
144,104,Tennis Ball Set 104,Sports,0.9055907726287842
144,108,Sports Shoes 108,Sports,0.8780437707901001
144,103,Badminton Racket 103,Sports,0.8631904125213623
145,198,Sunglasses 198,Fashion,0.9289434552192688
145,197,Wrist Watch 197,Fashion,0.9150704741477966
145,192,Slim Fit Jeans 192,Fashion,0.8895062208175659
145,195,Pullover Hoodie 195,Fashion,0.8833980560302734
145,194,Running Sneakers 194,Fashion,0.8808054327964783
146,135,Pullover Hoodie 135,Fashion,0.8580318689346313
146,137,Wrist Watch 137,Fashion,0.8479812145233154
146,133,Casual Jacket 133,Fashion,0.843026876449585
146,131,Cotton T-Shirt 131,Fashion,0.7992417812347412
146,139,Casual Shoes 139,Fashion,0.7945449352264404
147,141,Python Programming Book 141,Books,0.8450347185134888
147,146,Operating Systems Book 146,Books,0.839706540107727
147,142,Data Science Book 142,Books,0.8347344994544983
147,149,Algorithms Book 149,Books,0.8231536149978638
147,143,Machine Learning Book 143,Books,0.8201453685760498
148,151,Table Lamp 151,Home,0.7868925929069519
148,155,Wall Clock 155,Home,0.7592733502388
148,154,Window Curtains 154,Home,0.7436115145683289
148,159,Steel Water Bottle 159,Home,0.7366569638252258
148,153,Cotton Bed Sheet 153,Home,0.7359482645988464
149,83,Machine Learning Book 83,Books,0.8866263628005981
149,87,Computer Networks Book 87,Books,0.8862543106079102
149,86,Operating Systems Book 86,Books,0.8664993047714233
149,90,Cloud Computing Book 90,Books,0.8534661531448364
149,89,Algorithms Book 89,Books,0.8443590402603149
150,84,AI Fundamentals Book 84,Books,0.819709300994873
150,87,Computer Networks Book 87,Books,0.8187885284423828
150,83,Machine Learning Book 83,Books,0.8148205280303955
150,90,Cloud Computing Book 90,Books,0.8128764629364014
150,86,Operating Systems Book 86,Books,0.8061368465423584
151,151,Table Lamp 151,Home,0.8760274648666382
151,155,Wall Clock 155,Home,0.8494418263435364
151,154,Window Curtains 154,Home,0.84638512134552
151,153,Cotton Bed Sheet 153,Home,0.8388975262641907
151,152,Ergonomic Office Chair 152,Home,0.8312610387802124
152,149,Algorithms Book 149,Books,0.8806357979774475
152,83,Machine Learning Book 83,Books,0.8567774891853333
152,141,Python Programming Book 141,Books,0.8533445596694946
152,143,Machine Learning Book 143,Books,0.8475075364112854
152,146,Operating Systems Book 146,Books,0.8424714803695679
153,30,Cloud Computing Book 30,Books,0.8461718559265137
153,24,AI Fundamentals Book 24,Books,0.8386010527610779
153,27,Computer Networks Book 27,Books,0.8374375700950623
153,23,Machine Learning Book 23,Books,0.8356514573097229
153,21,Python Programming Book 21,Books,0.8275051712989807
154,78,Sunglasses 78,Fashion,0.9084925651550293
154,72,Slim Fit Jeans 72,Fashion,0.8613841533660889
154,76,Travel Backpack 76,Fashion,0.8580542206764221
154,74,Running Sneakers 74,Fashion,0.8574798107147217
154,80,Baseball Cap 80,Fashion,0.8494622111320496
155,104,Tennis Ball Set 104,Sports,0.8614107370376587
155,106,Yoga Mat 106,Sports,0.8438229560852051
155,108,Sports Shoes 108,Sports,0.835460901260376
155,103,Badminton Racket 103,Sports,0.827430784702301
155,110,Fitness Band 110,Sports,0.8244158029556274
156,28,Java Programming Book 28,Books,0.8356756567955017
156,24,AI Fundamentals Book 24,Books,0.828197717666626
156,22,Data Science Book 22,Books,0.813541829586029
156,25,Database Systems Book 25,Books,0.8127643465995789
156,23,Machine Learning Book 23,Books,0.8070081472396851
157,42,Cricket Bat 42,Sports,0.716070830821991
157,45,Gym Gloves 45,Sports,0.7073493599891663
157,48,Sports Shoes 48,Sports,0.6974260210990906
157,43,Badminton Racket 43,Sports,0.6953409910202026
157,47,Skipping Rope 47,Sports,0.6888509392738342
158,123,Wireless Headphones 123,Electronics,0.8740261197090149
158,122,Laptop 122,Electronics,0.8695321679115295
158,125,Tablet 125,Electronics,0.8661748170852661
158,130,Bluetooth Speaker 130,Electronics,0.8657108545303345
158,127,Mechanical Keyboard 127,Electronics,0.8645678162574768
159,69,Computer Monitor 69,Electronics,0.8833681344985962
159,61,Smartphone 61,Electronics,0.8478349447250366
159,65,Tablet 65,Electronics,0.8454568386077881
159,64,Smartwatch 64,Electronics,0.8181121349334717
159,63,Wireless Headphones 63,Electronics,0.8162747621536255
160,132,Slim Fit Jeans 132,Fashion,0.8358360528945923
160,137,Wrist Watch 137,Fashion,0.8000848889350891
160,133,Casual Jacket 133,Fashion,0.7932740449905396
160,138,Sunglasses 138,Fashion,0.7886294722557068
160,131,Cotton T-Shirt 131,Fashion,0.7863795757293701
161,175,Sunscreen 175,Beauty,0.8609519004821777
161,180,Beauty Care Kit 180,Beauty,0.8562862873077393
161,172,Moisturizer 172,Beauty,0.8484244346618652
161,176,Lip Balm 176,Beauty,0.831561803817749
161,179,Face Cream 179,Beauty,0.8121288418769836
162,132,Slim Fit Jeans 132,Fashion,0.7950653433799744
162,137,Wrist Watch 137,Fashion,0.7727711796760559
162,136,Travel Backpack 136,Fashion,0.7425109148025513
162,131,Cotton T-Shirt 131,Fashion,0.7416967153549194
162,133,Casual Jacket 133,Fashion,0.7391022443771362
163,68,Wireless Mouse 68,Electronics,0.8392128348350525
163,70,Bluetooth Speaker 70,Electronics,0.8359736204147339
163,69,Computer Monitor 69,Electronics,0.8316833972930908
163,63,Wireless Headphones 63,Electronics,0.826551616191864
163,61,Smartphone 61,Electronics,0.8232588768005371
164,126,Digital Camera 126,Electronics,0.9374047517776489
164,121,Smartphone 121,Electronics,0.9249438047409058
164,127,Mechanical Keyboard 127,Electronics,0.924266517162323
164,125,Tablet 125,Electronics,0.9085505604743958
164,128,Wireless Mouse 128,Electronics,0.8987882733345032
165,8,Wireless Mouse 8,Electronics,0.746967077255249
165,10,Bluetooth Speaker 10,Electronics,0.7302871346473694
165,3,Wireless Headphones 3,Electronics,0.7139713764190674
165,2,Laptop 2,Electronics,0.7021106481552124
165,6,Digital Camera 6,Electronics,0.6927393674850464
166,122,Laptop 122,Electronics,0.8901599049568176
166,127,Mechanical Keyboard 127,Electronics,0.8644237518310547
166,129,Computer Monitor 129,Electronics,0.8643638491630554
166,121,Smartphone 121,Electronics,0.86279296875
166,126,Digital Camera 126,Electronics,0.8608444333076477
167,9,Computer Monitor 9,Electronics,0.7857480049133301
167,10,Bluetooth Speaker 10,Electronics,0.7837188243865967
167,8,Wireless Mouse 8,Electronics,0.7664569020271301
167,172,Moisturizer 172,Beauty,0.75047367811203
167,5,Tablet 5,Electronics,0.7498881816864014
168,99,Steel Water Bottle 99,Home,0.9239606261253357
168,100,Home Decor Set 100,Home,0.8958277702331543
168,97,Decorative Cushion 97,Home,0.8913337588310242
168,93,Cotton Bed Sheet 93,Home,0.8870401382446289
168,94,Window Curtains 94,Home,0.8828608989715576
169,137,Wrist Watch 137,Fashion,0.8146803975105286
169,132,Slim Fit Jeans 132,Fashion,0.7982596158981323
169,135,Pullover Hoodie 135,Fashion,0.7974611520767212
169,131,Cotton T-Shirt 131,Fashion,0.785983681678772
169,133,Casual Jacket 133,Fashion,0.78291255235672
170,175,Sunscreen 175,Beauty,0.9271407127380371
170,180,Beauty Care Kit 180,Beauty,0.8912473320960999
170,179,Face Cream 179,Beauty,0.8830453753471375
170,176,Lip Balm 176,Beauty,0.8778101205825806
170,178,Body Lotion 178,Beauty,0.871172308921814
171,72,Slim Fit Jeans 72,Fashion,0.8591049909591675
171,78,Sunglasses 78,Fashion,0.8549076318740845
171,79,Casual Shoes 79,Fashion,0.8543195128440857
171,75,Pullover Hoodie 75,Fashion,0.8359366655349731
171,76,Travel Backpack 76,Fashion,0.8164525032043457
172,78,Sunglasses 78,Fashion,0.9142967462539673
172,72,Slim Fit Jeans 72,Fashion,0.8806858062744141
172,76,Travel Backpack 76,Fashion,0.8772343993186951
172,80,Baseball Cap 80,Fashion,0.8765671253204346
172,74,Running Sneakers 74,Fashion,0.875392496585846
173,137,Wrist Watch 137,Fashion,0.8945218324661255
173,135,Pullover Hoodie 135,Fashion,0.8669044971466064
173,131,Cotton T-Shirt 131,Fashion,0.865725040435791
173,134,Running Sneakers 134,Fashion,0.8639799356460571
173,136,Travel Backpack 136,Fashion,0.8628523349761963
174,8,Wireless Mouse 8,Electronics,0.8213249444961548
174,2,Laptop 2,Electronics,0.803376317024231
174,10,Bluetooth Speaker 10,Electronics,0.8008042573928833
174,5,Tablet 5,Electronics,0.7925071716308594
174,3,Wireless Headphones 3,Electronics,0.769849419593811
175,104,Tennis Ball Set 104,Sports,0.8326767683029175
175,106,Yoga Mat 106,Sports,0.8090700507164001
175,101,Football 101,Sports,0.7869918942451477
175,103,Badminton Racket 103,Sports,0.7757319211959839
175,109,Adjustable Dumbbells 109,Sports,0.7646579742431641
176,57,Hair Oil 57,Beauty,0.863556444644928
176,54,Perfume 54,Beauty,0.8629698753356934
176,52,Moisturizer 52,Beauty,0.8219770193099976
176,53,Shampoo 53,Beauty,0.8204097151756287
176,58,Body Lotion 58,Beauty,0.8094956278800964
177,42,Cricket Bat 42,Sports,0.8923459053039551
177,47,Skipping Rope 47,Sports,0.8857673406600952
177,43,Badminton Racket 43,Sports,0.879144012928009
177,50,Fitness Band 50,Sports,0.8728049993515015
177,46,Yoga Mat 46,Sports,0.8725104331970215
178,175,Sunscreen 175,Beauty,0.9676491022109985
178,180,Beauty Care Kit 180,Beauty,0.9328593015670776
178,176,Lip Balm 176,Beauty,0.9246723055839539
178,179,Face Cream 179,Beauty,0.9155586957931519
178,177,Hair Oil 177,Beauty,0.9154478311538696
179,126,Digital Camera 126,Electronics,0.9229161739349365
179,127,Mechanical Keyboard 127,Electronics,0.9024102091789246
179,125,Tablet 125,Electronics,0.8946410417556763
179,122,Laptop 122,Electronics,0.8878784775733948
179,121,Smartphone 121,Electronics,0.8854354619979858
180,184,Smartwatch 184,Electronics,0.8306571841239929
180,189,Computer Monitor 189,Electronics,0.8204242587089539
180,182,Laptop 182,Electronics,0.8151361346244812
180,185,Tablet 185,Electronics,0.8128902912139893
180,183,Wireless Headphones 183,Electronics,0.8045985698699951
181,26,Operating Systems Book 26,Books,0.8663289546966553
181,30,Cloud Computing Book 30,Books,0.8464592695236206
181,28,Java Programming Book 28,Books,0.8264698386192322
181,24,AI Fundamentals Book 24,Books,0.8200482726097107
181,29,Algorithms Book 29,Books,0.8169561624526978
182,47,Skipping Rope 47,Sports,0.7920767664909363
182,43,Badminton Racket 43,Sports,0.7832897901535034
182,46,Yoga Mat 46,Sports,0.7771260738372803
182,45,Gym Gloves 45,Sports,0.7748122811317444
182,42,Cricket Bat 42,Sports,0.7687180042266846
183,54,Perfume 54,Beauty,0.9295759201049805
183,52,Moisturizer 52,Beauty,0.9049006700515747
183,59,Face Cream 59,Beauty,0.8969566822052002
183,57,Hair Oil 57,Beauty,0.8891842365264893
183,53,Shampoo 53,Beauty,0.8886297941207886
184,87,Computer Networks Book 87,Books,0.8187583684921265
184,85,Database Systems Book 85,Books,0.80946946144104
184,90,Cloud Computing Book 90,Books,0.8036575317382812
184,89,Algorithms Book 89,Books,0.7965987324714661
184,83,Machine Learning Book 83,Books,0.7942661643028259
185,102,Cricket Bat 102,Sports,0.8999167680740356
185,105,Gym Gloves 105,Sports,0.8900232315063477
185,107,Skipping Rope 107,Sports,0.8813971281051636
185,110,Fitness Band 110,Sports,0.8757659196853638
185,106,Yoga Mat 106,Sports,0.8746407628059387
186,150,Cloud Computing Book 150,Books,0.9025804996490479
186,142,Data Science Book 142,Books,0.9009128212928772
186,149,Algorithms Book 149,Books,0.8975359797477722
186,141,Python Programming Book 141,Books,0.8767976760864258
186,144,AI Fundamentals Book 144,Books,0.8676955699920654
187,104,Tennis Ball Set 104,Sports,0.8402204513549805
187,101,Football 101,Sports,0.8280006051063538
187,107,Skipping Rope 107,Sports,0.815284013748169
187,106,Yoga Mat 106,Sports,0.8125548362731934
187,105,Gym Gloves 105,Sports,0.8047060966491699
188,83,Machine Learning Book 83,Books,0.7983438372612
188,87,Computer Networks Book 87,Books,0.7914007306098938
188,89,Algorithms Book 89,Books,0.7871755361557007
188,84,AI Fundamentals Book 84,Books,0.7786281704902649
188,90,Cloud Computing Book 90,Books,0.76573246717453
189,84,AI Fundamentals Book 84,Books,0.7237942814826965
189,83,Machine Learning Book 83,Books,0.720625638961792
189,90,Cloud Computing Book 90,Books,0.7113925814628601
189,89,Algorithms Book 89,Books,0.7084503173828125
189,86,Operating Systems Book 86,Books,0.6954574584960938
190,158,Desk Organizer 158,Home,0.8229349255561829
190,155,Wall Clock 155,Home,0.7929909229278564
190,151,Table Lamp 151,Home,0.7894162535667419
190,157,Decorative Cushion 157,Home,0.7788573503494263
190,152,Ergonomic Office Chair 152,Home,0.7722790241241455
191,180,Beauty Care Kit 180,Beauty,0.9176554083824158
191,175,Sunscreen 175,Beauty,0.900327205657959
191,172,Moisturizer 172,Beauty,0.8842190504074097
191,171,Face Wash 171,Beauty,0.8694902658462524
191,176,Lip Balm 176,Beauty,0.861286461353302
192,115,Sunscreen 115,Beauty,0.7983104586601257
192,114,Perfume 114,Beauty,0.7899268865585327
192,120,Beauty Care Kit 120,Beauty,0.7778128981590271
192,117,Hair Oil 117,Beauty,0.7596100568771362
192,113,Shampoo 113,Beauty,0.7523078322410583
193,22,Data Science Book 22,Books,0.9195670485496521
193,30,Cloud Computing Book 30,Books,0.8976869583129883
193,27,Computer Networks Book 27,Books,0.8935778737068176
193,23,Machine Learning Book 23,Books,0.8821903467178345
193,25,Database Systems Book 25,Books,0.8792796730995178
194,10,Bluetooth Speaker 10,Electronics,0.827893853187561
194,8,Wireless Mouse 8,Electronics,0.824870228767395
194,2,Laptop 2,Electronics,0.7945836782455444
194,1,Smartphone 1,Electronics,0.7762587070465088
194,5,Tablet 5,Electronics,0.762027382850647
195,68,Wireless Mouse 68,Electronics,0.7911859750747681
195,63,Wireless Headphones 63,Electronics,0.7720365524291992
195,69,Computer Monitor 69,Electronics,0.7639720439910889
195,70,Bluetooth Speaker 70,Electronics,0.7496780157089233
195,65,Tablet 65,Electronics,0.7417169213294983
196,197,Wrist Watch 197,Fashion,0.8880479335784912
196,193,Casual Jacket 193,Fashion,0.8645102381706238
196,192,Slim Fit Jeans 192,Fashion,0.8627557158470154
196,196,Travel Backpack 196,Fashion,0.8601779341697693
196,195,Pullover Hoodie 195,Fashion,0.8594370484352112
197,78,Sunglasses 78,Fashion,0.8995099067687988
197,76,Travel Backpack 76,Fashion,0.8879225850105286
197,72,Slim Fit Jeans 72,Fashion,0.8848246335983276
197,80,Baseball Cap 80,Fashion,0.8787949085235596
197,77,Wrist Watch 77,Fashion,0.8784053325653076
198,152,Ergonomic Office Chair 152,Home,0.8365499377250671
198,156,Storage Organizer 156,Home,0.817887544631958
198,151,Table Lamp 151,Home,0.8128310441970825
198,155,Wall Clock 155,Home,0.8071150779724121
198,154,Window Curtains 154,Home,0.8069484829902649
199,183,Wireless Headphones 183,Electronics,0.7270035147666931
199,182,Laptop 182,Electronics,0.7135921120643616
199,181,Smartphone 181,Electronics,0.6916201114654541
199,186,Digital Camera 186,Electronics,0.6881777048110962
199,189,Computer Monitor 189,Electronics,0.6789145469665527
200,149,Algorithms Book 149,Books,0.8578053712844849
200,141,Python Programming Book 141,Books,0.8454557657241821
200,146,Operating Systems Book 146,Books,0.8371612429618835
200,143,Machine Learning Book 143,Books,0.8296802043914795
200,144,AI Fundamentals Book 144,Books,0.8260539770126343
201,118,Body Lotion 118,Beauty,0.8145595192909241
201,116,Lip Balm 116,Beauty,0.78822261095047
201,120,Beauty Care Kit 120,Beauty,0.7834779620170593
201,119,Face Cream 119,Beauty,0.781872034072876
201,112,Moisturizer 112,Beauty,0.7763276696205139
202,197,Wrist Watch 197,Fashion,0.83570796251297
202,192,Slim Fit Jeans 192,Fashion,0.8304367065429688
202,194,Running Sneakers 194,Fashion,0.8248260021209717
202,198,Sunglasses 198,Fashion,0.8076242804527283
202,196,Travel Backpack 196,Fashion,0.7985398173332214
203,54,Perfume 54,Beauty,0.7896838784217834
203,52,Moisturizer 52,Beauty,0.7699207067489624
203,58,Body Lotion 58,Beauty,0.7545320391654968
203,53,Shampoo 53,Beauty,0.754406213760376
203,57,Hair Oil 57,Beauty,0.7314231395721436
204,35,Wall Clock 35,Home,0.8139266967773438
204,37,Decorative Cushion 37,Home,0.8061562776565552
204,31,Table Lamp 31,Home,0.7978760004043579
204,34,Window Curtains 34,Home,0.7874693870544434
204,38,Desk Organizer 38,Home,0.7787396311759949
205,94,Window Curtains 94,Home,0.8001341223716736
205,5,Tablet 5,Electronics,0.7883813381195068
205,10,Bluetooth Speaker 10,Electronics,0.7874730229377747
205,8,Wireless Mouse 8,Electronics,0.7867975831031799
205,97,Decorative Cushion 97,Home,0.7864974141120911
206,185,Tablet 185,Electronics,0.9066848754882812
206,189,Computer Monitor 189,Electronics,0.8996833562850952
206,184,Smartwatch 184,Electronics,0.874854326248169
206,181,Smartphone 181,Electronics,0.8725415468215942
206,188,Wireless Mouse 188,Electronics,0.8618239164352417
207,126,Digital Camera 126,Electronics,0.6840739846229553
207,122,Laptop 122,Electronics,0.6694247126579285
207,129,Computer Monitor 129,Electronics,0.6644659042358398
207,127,Mechanical Keyboard 127,Electronics,0.6349111199378967
207,128,Wireless Mouse 128,Electronics,0.6205835938453674
208,24,AI Fundamentals Book 24,Books,0.5983384847640991
208,26,Operating Systems Book 26,Books,0.5880414843559265
208,22,Data Science Book 22,Books,0.5876525640487671
208,29,Algorithms Book 29,Books,0.5803472399711609
208,25,Database Systems Book 25,Books,0.5790521502494812
209,78,Sunglasses 78,Fashion,0.8708840012550354
209,72,Slim Fit Jeans 72,Fashion,0.8541812300682068
209,74,Running Sneakers 74,Fashion,0.846668004989624
209,79,Casual Shoes 79,Fashion,0.8449274897575378
209,76,Travel Backpack 76,Fashion,0.8245377540588379
210,97,Decorative Cushion 97,Home,0.8589012622833252
210,96,Storage Organizer 96,Home,0.8492457270622253
210,94,Window Curtains 94,Home,0.8454297184944153
210,99,Steel Water Bottle 99,Home,0.8421192169189453
210,95,Wall Clock 95,Home,0.8195042610168457
211,37,Decorative Cushion 37,Home,0.8350735306739807
211,31,Table Lamp 31,Home,0.8264360427856445
211,35,Wall Clock 35,Home,0.8153271675109863
211,40,Home Decor Set 40,Home,0.8084136843681335
211,32,Ergonomic Office Chair 32,Home,0.8034103512763977
212,15,Pullover Hoodie 15,Fashion,0.8192553520202637
212,17,Wrist Watch 17,Fashion,0.8140941262245178
212,14,Running Sneakers 14,Fashion,0.8139702677726746
212,11,Cotton T-Shirt 11,Fashion,0.8055394291877747
212,13,Casual Jacket 13,Fashion,0.8017188906669617
213,175,Sunscreen 175,Beauty,0.8915115594863892
213,176,Lip Balm 176,Beauty,0.8653789758682251
213,180,Beauty Care Kit 180,Beauty,0.8560701608657837
213,174,Perfume 174,Beauty,0.8520570993423462
213,177,Hair Oil 177,Beauty,0.8501079082489014
214,115,Sunscreen 115,Beauty,0.7621294260025024
214,114,Perfume 114,Beauty,0.7546482086181641
214,120,Beauty Care Kit 120,Beauty,0.7426758408546448
214,111,Face Wash 111,Beauty,0.7347515225410461
214,112,Moisturizer 112,Beauty,0.7272647619247437
215,170,Fitness Band 170,Sports,0.8804408311843872
215,165,Gym Gloves 165,Sports,0.8736406564712524
215,169,Adjustable Dumbbells 169,Sports,0.8728336691856384
215,167,Skipping Rope 167,Sports,0.8660227060317993
215,162,Cricket Bat 162,Sports,0.8627109527587891
216,3,Wireless Headphones 3,Electronics,0.8131392002105713
216,10,Bluetooth Speaker 10,Electronics,0.8113440871238708
216,8,Wireless Mouse 8,Electronics,0.810226321220398
216,2,Laptop 2,Electronics,0.8013741374015808
216,1,Smartphone 1,Electronics,0.7802773714065552
217,151,Table Lamp 151,Home,0.8394762873649597
217,152,Ergonomic Office Chair 152,Home,0.8265619277954102
217,155,Wall Clock 155,Home,0.8186604380607605
217,156,Storage Organizer 156,Home,0.8166554570198059
217,154,Window Curtains 154,Home,0.8147964477539062
218,137,Wrist Watch 137,Fashion,0.9176805019378662
218,132,Slim Fit Jeans 132,Fashion,0.8932257294654846
218,135,Pullover Hoodie 135,Fashion,0.8686972260475159
218,131,Cotton T-Shirt 131,Fashion,0.8621282577514648
218,133,Casual Jacket 133,Fashion,0.8552702069282532
219,142,Data Science Book 142,Books,0.9099448919296265
219,146,Operating Systems Book 146,Books,0.8993284702301025
219,149,Algorithms Book 149,Books,0.8933131098747253
219,145,Database Systems Book 145,Books,0.8810499906539917
219,150,Cloud Computing Book 150,Books,0.8791567087173462
220,132,Slim Fit Jeans 132,Fashion,0.8741545081138611
220,137,Wrist Watch 137,Fashion,0.8536864519119263
220,131,Cotton T-Shirt 131,Fashion,0.8524046540260315
220,136,Travel Backpack 136,Fashion,0.843582034111023
220,133,Casual Jacket 133,Fashion,0.8289486169815063
221,162,Cricket Bat 162,Sports,0.9165626168251038
221,167,Skipping Rope 167,Sports,0.911699116230011
221,161,Football 161,Sports,0.9103461503982544
221,169,Adjustable Dumbbells 169,Sports,0.8987710475921631
221,170,Fitness Band 170,Sports,0.8959076404571533
222,198,Sunglasses 198,Fashion,0.8465629816055298
222,194,Running Sneakers 194,Fashion,0.8325605988502502
222,197,Wrist Watch 197,Fashion,0.8217361569404602
222,192,Slim Fit Jeans 192,Fashion,0.8065721988677979
222,193,Casual Jacket 193,Fashion,0.7983635663986206
223,151,Table Lamp 151,Home,0.8994370102882385
223,155,Wall Clock 155,Home,0.8596917390823364
223,154,Window Curtains 154,Home,0.8569844365119934
223,159,Steel Water Bottle 159,Home,0.8540312051773071
223,153,Cotton Bed Sheet 153,Home,0.8442162275314331
224,137,Wrist Watch 137,Fashion,0.8669921159744263
224,135,Pullover Hoodie 135,Fashion,0.8434973955154419
224,131,Cotton T-Shirt 131,Fashion,0.843357264995575
224,132,Slim Fit Jeans 132,Fashion,0.8287171721458435
224,133,Casual Jacket 133,Fashion,0.8218158483505249
225,87,Computer Networks Book 87,Books,0.7735984921455383
225,82,Data Science Book 82,Books,0.7695387005805969
225,83,Machine Learning Book 83,Books,0.7501726150512695
225,90,Cloud Computing Book 90,Books,0.7381753921508789
225,86,Operating Systems Book 86,Books,0.7257393598556519
226,78,Sunglasses 78,Fashion,0.8662221431732178
226,71,Cotton T-Shirt 71,Fashion,0.8471168875694275
226,77,Wrist Watch 77,Fashion,0.8327835202217102
226,75,Pullover Hoodie 75,Fashion,0.8298383951187134
226,76,Travel Backpack 76,Fashion,0.8291435837745667
227,87,Computer Networks Book 87,Books,0.8616293668746948
227,83,Machine Learning Book 83,Books,0.8590447306632996
227,89,Algorithms Book 89,Books,0.8435120582580566
227,90,Cloud Computing Book 90,Books,0.8348615169525146
227,84,AI Fundamentals Book 84,Books,0.8084753751754761
228,78,Sunglasses 78,Fashion,0.8835700750350952
228,79,Casual Shoes 79,Fashion,0.8450783491134644
228,76,Travel Backpack 76,Fashion,0.8389719128608704
228,72,Slim Fit Jeans 72,Fashion,0.834614098072052
228,75,Pullover Hoodie 75,Fashion,0.83274245262146
229,183,Wireless Headphones 183,Electronics,0.8527817726135254
229,188,Wireless Mouse 188,Electronics,0.8516510128974915
229,185,Tablet 185,Electronics,0.8438557386398315
229,186,Digital Camera 186,Electronics,0.8434777855873108
229,189,Computer Monitor 189,Electronics,0.8393744826316833
230,125,Tablet 125,Electronics,0.8060795068740845
230,122,Laptop 122,Electronics,0.7711465954780579
230,130,Bluetooth Speaker 130,Electronics,0.7588081955909729
230,127,Mechanical Keyboard 127,Electronics,0.755424439907074
230,126,Digital Camera 126,Electronics,0.7521944642066956
231,8,Wireless Mouse 8,Electronics,0.7281006574630737
231,2,Laptop 2,Electronics,0.7182138562202454
231,3,Wireless Headphones 3,Electronics,0.7136825919151306
231,5,Tablet 5,Electronics,0.6895713806152344
231,10,Bluetooth Speaker 10,Electronics,0.6885427236557007
232,101,Football 101,Sports,0.9377650022506714
232,107,Skipping Rope 107,Sports,0.9085939526557922
232,106,Yoga Mat 106,Sports,0.9080135226249695
232,104,Tennis Ball Set 104,Sports,0.9043214321136475
232,110,Fitness Band 110,Sports,0.8935250043869019
233,158,Desk Organizer 158,Home,0.9285572171211243
233,155,Wall Clock 155,Home,0.9259268045425415
233,152,Ergonomic Office Chair 152,Home,0.9126188158988953
233,154,Window Curtains 154,Home,0.8964899778366089
233,153,Cotton Bed Sheet 153,Home,0.890261173248291
234,118,Body Lotion 118,Beauty,0.8077186942100525
234,114,Perfume 114,Beauty,0.803131103515625
234,120,Beauty Care Kit 120,Beauty,0.8018873929977417
234,112,Moisturizer 112,Beauty,0.7936270236968994
234,117,Hair Oil 117,Beauty,0.7936094999313354
235,106,Yoga Mat 106,Sports,0.7038301229476929
235,104,Tennis Ball Set 104,Sports,0.6953818202018738
235,102,Cricket Bat 102,Sports,0.6783192157745361
235,82,Data Science Book 82,Books,0.6706415414810181
235,101,Football 101,Sports,0.6689921617507935
236,197,Wrist Watch 197,Fashion,0.8680739402770996
236,192,Slim Fit Jeans 192,Fashion,0.853538990020752
236,196,Travel Backpack 196,Fashion,0.8485416173934937
236,194,Running Sneakers 194,Fashion,0.8339522480964661
236,191,Cotton T-Shirt 191,Fashion,0.827174186706543
237,175,Sunscreen 175,Beauty,0.9013543725013733
237,179,Face Cream 179,Beauty,0.8802121877670288
237,180,Beauty Care Kit 180,Beauty,0.8701986074447632
237,176,Lip Balm 176,Beauty,0.8643749356269836
237,172,Moisturizer 172,Beauty,0.8427605032920837
238,169,Adjustable Dumbbells 169,Sports,0.957668125629425
238,170,Fitness Band 170,Sports,0.9529149532318115
238,165,Gym Gloves 165,Sports,0.92194002866745
238,167,Skipping Rope 167,Sports,0.9114556908607483
238,168,Sports Shoes 168,Sports,0.910426914691925
239,22,Data Science Book 22,Books,0.8695987462997437
239,28,Java Programming Book 28,Books,0.8641179203987122
239,23,Machine Learning Book 23,Books,0.8604215979576111
239,27,Computer Networks Book 27,Books,0.8603454232215881
239,30,Cloud Computing Book 30,Books,0.8565807938575745
240,137,Wrist Watch 137,Fashion,0.8541006445884705
240,131,Cotton T-Shirt 131,Fashion,0.8423840403556824
240,135,Pullover Hoodie 135,Fashion,0.8379355669021606
240,154,Window Curtains 154,Home,0.8371071815490723
240,136,Travel Backpack 136,Fashion,0.8283802270889282
241,175,Sunscreen 175,Beauty,0.8461290597915649
241,178,Body Lotion 178,Beauty,0.809968888759613
241,180,Beauty Care Kit 180,Beauty,0.8091070652008057
241,174,Perfume 174,Beauty,0.8080320358276367
241,179,Face Cream 179,Beauty,0.8059235215187073
242,151,Table Lamp 151,Home,0.8858151435852051
242,154,Window Curtains 154,Home,0.8715912699699402
242,155,Wall Clock 155,Home,0.8685648441314697
242,152,Ergonomic Office Chair 152,Home,0.8572491407394409
242,158,Desk Organizer 158,Home,0.8526391386985779
243,2,Laptop 2,Electronics,0.7388381958007812
243,5,Tablet 5,Electronics,0.7357872724533081
243,10,Bluetooth Speaker 10,Electronics,0.7234641313552856
243,1,Smartphone 1,Electronics,0.7193081378936768
243,8,Wireless Mouse 8,Electronics,0.713076651096344
244,93,Cotton Bed Sheet 93,Home,0.8878157734870911
244,99,Steel Water Bottle 99,Home,0.8870822787284851
244,97,Decorative Cushion 97,Home,0.8808917999267578
244,94,Window Curtains 94,Home,0.878856360912323
244,100,Home Decor Set 100,Home,0.8728696703910828
245,125,Tablet 125,Electronics,0.7906498312950134
245,121,Smartphone 121,Electronics,0.7829537987709045
245,127,Mechanical Keyboard 127,Electronics,0.7799498438835144
245,126,Digital Camera 126,Electronics,0.7680773735046387
245,124,Smartwatch 124,Electronics,0.7666594982147217
246,99,Steel Water Bottle 99,Home,0.9172614812850952
246,94,Window Curtains 94,Home,0.9030128121376038
246,93,Cotton Bed Sheet 93,Home,0.8942410945892334
246,97,Decorative Cushion 97,Home,0.8916245102882385
246,100,Home Decor Set 100,Home,0.8887672424316406
247,118,Body Lotion 118,Beauty,0.841132402420044
247,116,Lip Balm 116,Beauty,0.8189253807067871
247,112,Moisturizer 112,Beauty,0.8145750761032104
247,120,Beauty Care Kit 120,Beauty,0.8099172711372375
247,117,Hair Oil 117,Beauty,0.8063497543334961
248,179,Face Cream 179,Beauty,0.8734925985336304
248,175,Sunscreen 175,Beauty,0.8618161082267761
248,180,Beauty Care Kit 180,Beauty,0.8498141765594482
248,178,Body Lotion 178,Beauty,0.8361859917640686
248,176,Lip Balm 176,Beauty,0.8329145908355713
249,118,Body Lotion 118,Beauty,0.8901838064193726
249,112,Moisturizer 112,Beauty,0.8884053230285645
249,114,Perfume 114,Beauty,0.8844448328018188
249,120,Beauty Care Kit 120,Beauty,0.8777557015419006
249,116,Lip Balm 116,Beauty,0.8755121231079102
250,175,Sunscreen 175,Beauty,0.8327025175094604
250,179,Face Cream 179,Beauty,0.8145297169685364
250,180,Beauty Care Kit 180,Beauty,0.7868676781654358
250,176,Lip Balm 176,Beauty,0.7824577689170837
250,178,Body Lotion 178,Beauty,0.7817153334617615
251,112,Moisturizer 112,Beauty,0.7928670048713684
251,118,Body Lotion 118,Beauty,0.7849683165550232
251,120,Beauty Care Kit 120,Beauty,0.7759167551994324
251,116,Lip Balm 116,Beauty,0.7563509941101074
251,114,Perfume 114,Beauty,0.7556249499320984
252,87,Computer Networks Book 87,Books,0.8485758900642395
252,86,Operating Systems Book 86,Books,0.8263527750968933
252,90,Cloud Computing Book 90,Books,0.8100577592849731
252,83,Machine Learning Book 83,Books,0.7963331937789917
252,84,AI Fundamentals Book 84,Books,0.7955835461616516
253,83,Machine Learning Book 83,Books,0.7311979532241821
253,87,Computer Networks Book 87,Books,0.7176200151443481
253,86,Operating Systems Book 86,Books,0.7167919874191284
253,90,Cloud Computing Book 90,Books,0.7008528709411621
253,84,AI Fundamentals Book 84,Books,0.6976169347763062
254,37,Decorative Cushion 37,Home,0.911779522895813
254,35,Wall Clock 35,Home,0.9004534482955933
254,33,Cotton Bed Sheet 33,Home,0.8698886632919312
254,40,Home Decor Set 40,Home,0.8686138987541199
254,34,Window Curtains 34,Home,0.8543757200241089
255,106,Yoga Mat 106,Sports,0.8744903802871704
255,104,Tennis Ball Set 104,Sports,0.8488160371780396
255,103,Badminton Racket 103,Sports,0.84218430519104
255,101,Football 101,Sports,0.8382992744445801
255,108,Sports Shoes 108,Sports,0.8331600427627563
256,175,Sunscreen 175,Beauty,0.8320005536079407
256,179,Face Cream 179,Beauty,0.829168438911438
256,173,Shampoo 173,Beauty,0.8206591010093689
256,176,Lip Balm 176,Beauty,0.8016918301582336
256,171,Face Wash 171,Beauty,0.8015167713165283
257,70,Bluetooth Speaker 70,Electronics,0.746959924697876
257,69,Computer Monitor 69,Electronics,0.7449887990951538
257,68,Wireless Mouse 68,Electronics,0.7351362705230713
257,65,Tablet 65,Electronics,0.7337703704833984
257,63,Wireless Headphones 63,Electronics,0.7257925271987915
258,87,Computer Networks Book 87,Books,0.7495696544647217
258,85,Database Systems Book 85,Books,0.741887092590332
258,83,Machine Learning Book 83,Books,0.7222815752029419
258,86,Operating Systems Book 86,Books,0.7187848091125488
258,89,Algorithms Book 89,Books,0.7182796001434326
259,165,Gym Gloves 165,Sports,0.9175161719322205
259,162,Cricket Bat 162,Sports,0.902873158454895
259,167,Skipping Rope 167,Sports,0.8871910572052002
259,161,Football 161,Sports,0.885094940662384
259,164,Tennis Ball Set 164,Sports,0.8758574724197388
260,99,Steel Water Bottle 99,Home,0.8640941381454468
260,100,Home Decor Set 100,Home,0.8501828908920288
260,97,Decorative Cushion 97,Home,0.8453604578971863
260,96,Storage Organizer 96,Home,0.8425791263580322
260,92,Ergonomic Office Chair 92,Home,0.8336678743362427
261,63,Wireless Headphones 63,Electronics,0.8398863673210144
261,69,Computer Monitor 69,Electronics,0.8393257260322571
261,70,Bluetooth Speaker 70,Electronics,0.8299419283866882
261,68,Wireless Mouse 68,Electronics,0.8164342045783997
261,65,Tablet 65,Electronics,0.8116020560264587
262,71,Cotton T-Shirt 71,Fashion,0.769428014755249
262,77,Wrist Watch 77,Fashion,0.7659685015678406
262,78,Sunglasses 78,Fashion,0.7597972750663757
262,72,Slim Fit Jeans 72,Fashion,0.7587544322013855
262,75,Pullover Hoodie 75,Fashion,0.7562117576599121
263,54,Perfume 54,Beauty,0.8793284893035889
263,52,Moisturizer 52,Beauty,0.8482891321182251
263,53,Shampoo 53,Beauty,0.8404383659362793
263,58,Body Lotion 58,Beauty,0.8377256393432617
263,57,Hair Oil 57,Beauty,0.8315685391426086
264,8,Wireless Mouse 8,Electronics,0.8960376977920532
264,10,Bluetooth Speaker 10,Electronics,0.8912245035171509
264,5,Tablet 5,Electronics,0.8806244730949402
264,175,Sunscreen 175,Beauty,0.873106837272644
264,2,Laptop 2,Electronics,0.8714234232902527
265,45,Gym Gloves 45,Sports,0.8976790308952332
265,42,Cricket Bat 42,Sports,0.8854567408561707
265,46,Yoga Mat 46,Sports,0.876910924911499
265,83,Machine Learning Book 83,Books,0.8663492202758789
265,47,Skipping Rope 47,Sports,0.8523567914962769
266,11,Cotton T-Shirt 11,Fashion,0.8240230679512024
266,19,Casual Shoes 19,Fashion,0.8074841499328613
266,17,Wrist Watch 17,Fashion,0.8059548735618591
266,14,Running Sneakers 14,Fashion,0.8035277724266052
266,15,Pullover Hoodie 15,Fashion,0.7905235290527344
267,99,Steel Water Bottle 99,Home,0.837826132774353
267,94,Window Curtains 94,Home,0.8166747689247131
267,97,Decorative Cushion 97,Home,0.8055344223976135
267,93,Cotton Bed Sheet 93,Home,0.7948129177093506
267,96,Storage Organizer 96,Home,0.7844608426094055
268,152,Ergonomic Office Chair 152,Home,0.8340950608253479
268,156,Storage Organizer 156,Home,0.8203113675117493
268,155,Wall Clock 155,Home,0.8175148963928223
268,154,Window Curtains 154,Home,0.8149393796920776
268,151,Table Lamp 151,Home,0.8091721534729004
269,10,Bluetooth Speaker 10,Electronics,0.816540002822876
269,8,Wireless Mouse 8,Electronics,0.8148255348205566
269,3,Wireless Headphones 3,Electronics,0.7958815097808838
269,9,Computer Monitor 9,Electronics,0.772121012210846
269,2,Laptop 2,Electronics,0.7696302533149719
270,94,Window Curtains 94,Home,0.8285006284713745
270,91,Table Lamp 91,Home,0.8208790421485901
270,99,Steel Water Bottle 99,Home,0.8073209524154663
270,95,Wall Clock 95,Home,0.8041146397590637
270,96,Storage Organizer 96,Home,0.8013017177581787
271,151,Table Lamp 151,Home,0.9339748024940491
271,155,Wall Clock 155,Home,0.9103935360908508
271,154,Window Curtains 154,Home,0.9068241119384766
271,159,Steel Water Bottle 159,Home,0.8918371200561523
271,153,Cotton Bed Sheet 153,Home,0.8858420252799988
272,101,Football 101,Sports,0.9128714799880981
272,107,Skipping Rope 107,Sports,0.8794102668762207
272,102,Cricket Bat 102,Sports,0.8650838136672974
272,106,Yoga Mat 106,Sports,0.8614566922187805
272,104,Tennis Ball Set 104,Sports,0.8578469157218933
273,15,Pullover Hoodie 15,Fashion,0.9070048332214355
273,19,Casual Shoes 19,Fashion,0.8888753056526184
273,13,Casual Jacket 13,Fashion,0.874572217464447
273,17,Wrist Watch 17,Fashion,0.867417573928833
273,14,Running Sneakers 14,Fashion,0.8605448603630066
274,152,Ergonomic Office Chair 152,Home,0.790962278842926
274,156,Storage Organizer 156,Home,0.7889515161514282
274,151,Table Lamp 151,Home,0.7838340997695923
274,155,Wall Clock 155,Home,0.7795038223266602
274,154,Window Curtains 154,Home,0.7755104303359985
275,25,Database Systems Book 25,Books,0.7190859913825989
275,24,AI Fundamentals Book 24,Books,0.6985830068588257
275,29,Algorithms Book 29,Books,0.6972717642784119
275,27,Computer Networks Book 27,Books,0.6942686438560486
275,30,Cloud Computing Book 30,Books,0.6923661828041077
276,151,Table Lamp 151,Home,0.8669856786727905
276,155,Wall Clock 155,Home,0.8486270308494568
276,158,Desk Organizer 158,Home,0.8218941688537598
276,154,Window Curtains 154,Home,0.8152814507484436
276,153,Cotton Bed Sheet 153,Home,0.8060191869735718
277,181,Smartphone 181,Electronics,0.8835189342498779
277,182,Laptop 182,Electronics,0.8812660574913025
277,189,Computer Monitor 189,Electronics,0.8686932325363159
277,183,Wireless Headphones 183,Electronics,0.8523980379104614
277,184,Smartwatch 184,Electronics,0.8505529165267944
278,42,Cricket Bat 42,Sports,0.7009205222129822
278,45,Gym Gloves 45,Sports,0.6814770698547363
278,50,Fitness Band 50,Sports,0.6796802282333374
278,43,Badminton Racket 43,Sports,0.6750398278236389
278,48,Sports Shoes 48,Sports,0.660116970539093
279,92,Ergonomic Office Chair 92,Home,0.8749237656593323
279,93,Cotton Bed Sheet 93,Home,0.8714396953582764
279,95,Wall Clock 95,Home,0.8632476925849915
279,99,Steel Water Bottle 99,Home,0.863166332244873
279,91,Table Lamp 91,Home,0.8615450263023376
280,78,Sunglasses 78,Fashion,0.9022044539451599
280,72,Slim Fit Jeans 72,Fashion,0.9007260203361511
280,79,Casual Shoes 79,Fashion,0.8885877132415771
280,75,Pullover Hoodie 75,Fashion,0.8830559849739075
280,76,Travel Backpack 76,Fashion,0.8748995065689087
281,175,Sunscreen 175,Beauty,0.8681424856185913
281,179,Face Cream 179,Beauty,0.8554781079292297
281,176,Lip Balm 176,Beauty,0.8458330631256104
281,180,Beauty Care Kit 180,Beauty,0.8454169034957886
281,174,Perfume 174,Beauty,0.8378735184669495
282,198,Sunglasses 198,Fashion,0.8488726615905762
282,72,Slim Fit Jeans 72,Fashion,0.8369885087013245
282,79,Casual Shoes 79,Fashion,0.8366701006889343
282,71,Cotton T-Shirt 71,Fashion,0.8331048488616943
282,76,Travel Backpack 76,Fashion,0.8224537372589111
283,161,Football 161,Sports,0.9143808484077454
283,165,Gym Gloves 165,Sports,0.8829338550567627
283,169,Adjustable Dumbbells 169,Sports,0.8821980953216553
283,163,Badminton Racket 163,Sports,0.8758893609046936
283,168,Sports Shoes 168,Sports,0.8569760918617249
284,146,Operating Systems Book 146,Books,0.9003927707672119
284,144,AI Fundamentals Book 144,Books,0.9001450538635254
284,141,Python Programming Book 141,Books,0.8899725675582886
284,148,Java Programming Book 148,Books,0.8811800479888916
284,149,Algorithms Book 149,Books,0.8769959211349487
285,188,Wireless Mouse 188,Electronics,0.9131549596786499
285,183,Wireless Headphones 183,Electronics,0.9113289713859558
285,184,Smartwatch 184,Electronics,0.8986630439758301
285,185,Tablet 185,Electronics,0.8872683048248291
285,181,Smartphone 181,Electronics,0.8828006982803345
286,93,Cotton Bed Sheet 93,Home,0.8689578175544739
286,97,Decorative Cushion 97,Home,0.8513755798339844
286,94,Window Curtains 94,Home,0.8494104743003845
286,95,Wall Clock 95,Home,0.8388360738754272
286,99,Steel Water Bottle 99,Home,0.8352769017219543
287,197,Wrist Watch 197,Fashion,0.7637642621994019
287,193,Casual Jacket 193,Fashion,0.762645423412323
287,191,Cotton T-Shirt 191,Fashion,0.7310231328010559
287,196,Travel Backpack 196,Fashion,0.7258716225624084
287,192,Slim Fit Jeans 192,Fashion,0.7227414846420288
288,197,Wrist Watch 197,Fashion,0.8830881714820862
288,192,Slim Fit Jeans 192,Fashion,0.8653118014335632
288,194,Running Sneakers 194,Fashion,0.8637450337409973
288,196,Travel Backpack 196,Fashion,0.8431673645973206
288,198,Sunglasses 198,Fashion,0.8409541249275208
289,69,Computer Monitor 69,Electronics,0.8243188261985779
289,66,Digital Camera 66,Electronics,0.8072786331176758
289,65,Tablet 65,Electronics,0.8022357225418091
289,61,Smartphone 61,Electronics,0.7926101684570312
289,64,Smartwatch 64,Electronics,0.7795845866203308
290,26,Operating Systems Book 26,Books,0.8947834968566895
290,29,Algorithms Book 29,Books,0.8866325616836548
290,30,Cloud Computing Book 30,Books,0.8841960430145264
290,28,Java Programming Book 28,Books,0.8795302510261536
290,24,AI Fundamentals Book 24,Books,0.8776755332946777
291,72,Slim Fit Jeans 72,Fashion,0.8055797815322876
291,78,Sunglasses 78,Fashion,0.7877675890922546
291,75,Pullover Hoodie 75,Fashion,0.7825983166694641
291,77,Wrist Watch 77,Fashion,0.7743840217590332
291,80,Baseball Cap 80,Fashion,0.7743383049964905
292,175,Sunscreen 175,Beauty,0.8467547297477722
292,179,Face Cream 179,Beauty,0.8325668573379517
292,180,Beauty Care Kit 180,Beauty,0.8266304731369019
292,174,Perfume 174,Beauty,0.8187195062637329
292,176,Lip Balm 176,Beauty,0.795922040939331
293,52,Moisturizer 52,Beauty,0.8741005063056946
293,54,Perfume 54,Beauty,0.860824465751648
293,58,Body Lotion 58,Beauty,0.8255099654197693
293,60,Beauty Care Kit 60,Beauty,0.8201103806495667
293,55,Sunscreen 55,Beauty,0.804093062877655
294,137,Wrist Watch 137,Fashion,0.9211462736129761
294,132,Slim Fit Jeans 132,Fashion,0.908931314945221
294,136,Travel Backpack 136,Fashion,0.8862180709838867
294,133,Casual Jacket 133,Fashion,0.8456933498382568
294,134,Running Sneakers 134,Fashion,0.8404984474182129
295,194,Running Sneakers 194,Fashion,0.7998480796813965
295,192,Slim Fit Jeans 192,Fashion,0.7887781262397766
295,197,Wrist Watch 197,Fashion,0.7503917217254639
295,196,Travel Backpack 196,Fashion,0.7462964057922363
295,199,Casual Shoes 199,Fashion,0.744817316532135
296,99,Steel Water Bottle 99,Home,0.9323111176490784
296,96,Storage Organizer 96,Home,0.9235897660255432
296,97,Decorative Cushion 97,Home,0.9235309362411499
296,94,Window Curtains 94,Home,0.9092969298362732
296,93,Cotton Bed Sheet 93,Home,0.90872722864151
297,78,Sunglasses 78,Fashion,0.8726623058319092
297,72,Slim Fit Jeans 72,Fashion,0.8592098951339722
297,80,Baseball Cap 80,Fashion,0.8436051607131958
297,76,Travel Backpack 76,Fashion,0.8412758111953735
297,79,Casual Shoes 79,Fashion,0.8410243988037109
298,99,Steel Water Bottle 99,Home,0.8854693174362183
298,96,Storage Organizer 96,Home,0.8838604092597961
298,94,Window Curtains 94,Home,0.8647372722625732
298,93,Cotton Bed Sheet 93,Home,0.8490802645683289
298,97,Decorative Cushion 97,Home,0.8462135195732117
299,24,AI Fundamentals Book 24,Books,0.8799540996551514
299,30,Cloud Computing Book 30,Books,0.870456874370575
299,26,Operating Systems Book 26,Books,0.8701326251029968
299,25,Database Systems Book 25,Books,0.8682725429534912
299,21,Python Programming Book 21,Books,0.8590596914291382
300,85,Database Systems Book 85,Books,0.6407015323638916
300,87,Computer Networks Book 87,Books,0.6383959054946899
300,86,Operating Systems Book 86,Books,0.6198462843894958
300,89,Algorithms Book 89,Books,0.611668050289154
300,84,AI Fundamentals Book 84,Books,0.6084967851638794
301,68,Wireless Mouse 68,Electronics,0.8542404770851135
301,70,Bluetooth Speaker 70,Electronics,0.8510389924049377
301,63,Wireless Headphones 63,Electronics,0.8278188705444336
301,61,Smartphone 61,Electronics,0.8185553550720215
301,69,Computer Monitor 69,Electronics,0.8061916828155518
302,37,Decorative Cushion 37,Home,0.8958797454833984
302,35,Wall Clock 35,Home,0.8640168309211731
302,40,Home Decor Set 40,Home,0.8639256954193115
302,31,Table Lamp 31,Home,0.8594005703926086
302,32,Ergonomic Office Chair 32,Home,0.8481537699699402
303,76,Travel Backpack 76,Fashion,0.8046185970306396
303,78,Sunglasses 78,Fashion,0.8041390180587769
303,80,Baseball Cap 80,Fashion,0.7932875752449036
303,77,Wrist Watch 77,Fashion,0.7904863953590393
303,73,Casual Jacket 73,Fashion,0.7880797982215881
304,87,Computer Networks Book 87,Books,0.8538002967834473
304,83,Machine Learning Book 83,Books,0.8443176746368408
304,85,Database Systems Book 85,Books,0.8350124359130859
304,89,Algorithms Book 89,Books,0.826785147190094
304,90,Cloud Computing Book 90,Books,0.8154207468032837
305,30,Cloud Computing Book 30,Books,0.9110404253005981
305,22,Data Science Book 22,Books,0.8999646902084351
305,23,Machine Learning Book 23,Books,0.8972775936126709
305,27,Computer Networks Book 27,Books,0.8921787142753601
305,24,AI Fundamentals Book 24,Books,0.8897350430488586
306,54,Perfume 54,Beauty,0.8246555328369141
306,52,Moisturizer 52,Beauty,0.7824863791465759
306,58,Body Lotion 58,Beauty,0.7741408944129944
306,53,Shampoo 53,Beauty,0.7685703635215759
306,57,Hair Oil 57,Beauty,0.7610860466957092
307,197,Wrist Watch 197,Fashion,0.8587239384651184
307,194,Running Sneakers 194,Fashion,0.852709174156189
307,192,Slim Fit Jeans 192,Fashion,0.8507532477378845
307,195,Pullover Hoodie 195,Fashion,0.8352436423301697
307,193,Casual Jacket 193,Fashion,0.834884762763977
308,99,Steel Water Bottle 99,Home,0.9548007845878601
308,96,Storage Organizer 96,Home,0.951781690120697
308,94,Window Curtains 94,Home,0.9317746758460999
308,97,Decorative Cushion 97,Home,0.9053098559379578
308,93,Cotton Bed Sheet 93,Home,0.8996706008911133
309,31,Table Lamp 31,Home,0.8937690258026123
309,37,Decorative Cushion 37,Home,0.8854346871376038
309,32,Ergonomic Office Chair 32,Home,0.8833727240562439
309,40,Home Decor Set 40,Home,0.8697487115859985
309,34,Window Curtains 34,Home,0.8552073240280151
310,99,Steel Water Bottle 99,Home,0.9364534020423889
310,97,Decorative Cushion 97,Home,0.8976088166236877
310,94,Window Curtains 94,Home,0.8886907696723938
310,100,Home Decor Set 100,Home,0.8874561190605164
310,96,Storage Organizer 96,Home,0.8835375905036926
311,90,Cloud Computing Book 90,Books,0.8302439451217651
311,83,Machine Learning Book 83,Books,0.8295149803161621
311,84,AI Fundamentals Book 84,Books,0.8236311078071594
311,82,Data Science Book 82,Books,0.8123670816421509
311,162,Cricket Bat 162,Sports,0.810092568397522
312,175,Sunscreen 175,Beauty,0.8573284149169922
312,177,Hair Oil 177,Beauty,0.8410930633544922
312,179,Face Cream 179,Beauty,0.8265728950500488
312,176,Lip Balm 176,Beauty,0.8230741024017334
312,173,Shampoo 173,Beauty,0.8119485378265381
313,149,Algorithms Book 149,Books,0.9068291187286377
313,146,Operating Systems Book 146,Books,0.8947135806083679
313,148,Java Programming Book 148,Books,0.8776382207870483
313,142,Data Science Book 142,Books,0.8698921799659729
313,144,AI Fundamentals Book 144,Books,0.8681811094284058
314,193,Casual Jacket 193,Fashion,0.8201165795326233
314,198,Sunglasses 198,Fashion,0.8174499273300171
314,197,Wrist Watch 197,Fashion,0.8137905597686768
314,191,Cotton T-Shirt 191,Fashion,0.7844100594520569
314,192,Slim Fit Jeans 192,Fashion,0.7780739068984985
315,132,Slim Fit Jeans 132,Fashion,0.8482117652893066
315,138,Sunglasses 138,Fashion,0.7931241393089294
315,135,Pullover Hoodie 135,Fashion,0.791296124458313
315,136,Travel Backpack 136,Fashion,0.7884976863861084
315,133,Casual Jacket 133,Fashion,0.7860832810401917
316,192,Slim Fit Jeans 192,Fashion,0.8402218818664551
316,196,Travel Backpack 196,Fashion,0.8337074518203735
316,197,Wrist Watch 197,Fashion,0.8324306607246399
316,194,Running Sneakers 194,Fashion,0.8301247358322144
316,198,Sunglasses 198,Fashion,0.8239949941635132
317,94,Window Curtains 94,Home,0.7786999344825745
317,24,AI Fundamentals Book 24,Books,0.7709699869155884
317,5,Tablet 5,Electronics,0.7673567533493042
317,10,Bluetooth Speaker 10,Electronics,0.7669814825057983
317,97,Decorative Cushion 97,Home,0.765149712562561
318,75,Pullover Hoodie 75,Fashion,0.8488114476203918
318,72,Slim Fit Jeans 72,Fashion,0.8290601372718811
318,78,Sunglasses 78,Fashion,0.8133466839790344
318,79,Casual Shoes 79,Fashion,0.8131142258644104
318,77,Wrist Watch 77,Fashion,0.8065817356109619
319,185,Tablet 185,Electronics,0.8116573095321655
319,189,Computer Monitor 189,Electronics,0.8110824227333069
319,182,Laptop 182,Electronics,0.7927126884460449
319,184,Smartwatch 184,Electronics,0.7870824337005615
319,190,Bluetooth Speaker 190,Electronics,0.7712485194206238
320,87,Computer Networks Book 87,Books,0.8484271764755249
320,85,Database Systems Book 85,Books,0.8394235968589783
320,86,Operating Systems Book 86,Books,0.816523551940918
320,83,Machine Learning Book 83,Books,0.8101025819778442
320,89,Algorithms Book 89,Books,0.8095642328262329
321,12,Slim Fit Jeans 12,Fashion,0.8253371715545654
321,18,Sunglasses 18,Fashion,0.8189337253570557
321,17,Wrist Watch 17,Fashion,0.8051774501800537
321,14,Running Sneakers 14,Fashion,0.7928932905197144
321,13,Casual Jacket 13,Fashion,0.7699954509735107
322,154,Window Curtains 154,Home,0.7532969117164612
322,159,Steel Water Bottle 159,Home,0.7111876606941223
322,151,Table Lamp 151,Home,0.7111685276031494
322,152,Ergonomic Office Chair 152,Home,0.7111570835113525
322,155,Wall Clock 155,Home,0.7028852105140686
323,145,Database Systems Book 145,Books,0.9046158790588379
323,149,Algorithms Book 149,Books,0.897152841091156
323,143,Machine Learning Book 143,Books,0.8944138884544373
323,141,Python Programming Book 141,Books,0.8943747282028198
323,142,Data Science Book 142,Books,0.8884357213973999
324,58,Body Lotion 58,Beauty,0.8425987362861633
324,52,Moisturizer 52,Beauty,0.8361227512359619
324,56,Lip Balm 56,Beauty,0.8296204805374146
324,60,Beauty Care Kit 60,Beauty,0.8285719752311707
324,54,Perfume 54,Beauty,0.8268737196922302
325,137,Wrist Watch 137,Fashion,0.8704659938812256
325,131,Cotton T-Shirt 131,Fashion,0.8647915124893188
325,132,Slim Fit Jeans 132,Fashion,0.8611308336257935
325,135,Pullover Hoodie 135,Fashion,0.8588142395019531
325,134,Running Sneakers 134,Fashion,0.844744861125946
326,26,Operating Systems Book 26,Books,0.7350221872329712
326,30,Cloud Computing Book 30,Books,0.7320206165313721
326,27,Computer Networks Book 27,Books,0.7284843325614929
326,21,Python Programming Book 21,Books,0.7143980264663696
326,28,Java Programming Book 28,Books,0.7139023542404175
327,120,Beauty Care Kit 120,Beauty,0.8221648335456848
327,112,Moisturizer 112,Beauty,0.8143116235733032
327,118,Body Lotion 118,Beauty,0.813982367515564
327,117,Hair Oil 117,Beauty,0.8097457885742188
327,116,Lip Balm 116,Beauty,0.7994619011878967
328,104,Tennis Ball Set 104,Sports,0.8715127110481262
328,106,Yoga Mat 106,Sports,0.8579699397087097
328,103,Badminton Racket 103,Sports,0.8467841148376465
328,107,Skipping Rope 107,Sports,0.8358086943626404
328,101,Football 101,Sports,0.8297682404518127
329,101,Football 101,Sports,0.780689001083374
329,53,Shampoo 53,Beauty,0.7733401656150818
329,59,Face Cream 59,Beauty,0.7658286690711975
329,54,Perfume 54,Beauty,0.7630288004875183
329,52,Moisturizer 52,Beauty,0.7517985701560974
330,137,Wrist Watch 137,Fashion,0.834251344203949
330,135,Pullover Hoodie 135,Fashion,0.8100690841674805
330,131,Cotton T-Shirt 131,Fashion,0.8082351684570312
330,132,Slim Fit Jeans 132,Fashion,0.8029006719589233
330,136,Travel Backpack 136,Fashion,0.800581157207489
331,99,Steel Water Bottle 99,Home,0.9726930856704712
331,97,Decorative Cushion 97,Home,0.9698575139045715
331,96,Storage Organizer 96,Home,0.9514034986495972
331,94,Window Curtains 94,Home,0.9432945847511292
331,93,Cotton Bed Sheet 93,Home,0.9403757452964783
332,175,Sunscreen 175,Beauty,0.7689768671989441
332,180,Beauty Care Kit 180,Beauty,0.753243088722229
332,173,Shampoo 173,Beauty,0.7348477244377136
332,179,Face Cream 179,Beauty,0.7313093543052673
332,176,Lip Balm 176,Beauty,0.7306413650512695
333,149,Algorithms Book 149,Books,0.9184508919715881
333,146,Operating Systems Book 146,Books,0.8929517865180969
333,148,Java Programming Book 148,Books,0.8881807923316956
333,144,AI Fundamentals Book 144,Books,0.8640499114990234
333,141,Python Programming Book 141,Books,0.8623484373092651
334,106,Yoga Mat 106,Sports,0.9234429001808167
334,101,Football 101,Sports,0.9192518591880798
334,104,Tennis Ball Set 104,Sports,0.9098531007766724
334,107,Skipping Rope 107,Sports,0.8933185338973999
334,102,Cricket Bat 102,Sports,0.8901337385177612
335,106,Yoga Mat 106,Sports,0.8747402429580688
335,104,Tennis Ball Set 104,Sports,0.864432156085968
335,103,Badminton Racket 103,Sports,0.8555572032928467
335,108,Sports Shoes 108,Sports,0.8455150723457336
335,107,Skipping Rope 107,Sports,0.8455120325088501
336,165,Gym Gloves 165,Sports,0.779300332069397
336,121,Smartphone 121,Electronics,0.7730950713157654
336,161,Football 161,Sports,0.7689408659934998
336,169,Adjustable Dumbbells 169,Sports,0.7451032400131226
336,164,Tennis Ball Set 164,Sports,0.7443217635154724
337,175,Sunscreen 175,Beauty,0.9384872317314148
337,180,Beauty Care Kit 180,Beauty,0.9090813398361206
337,173,Shampoo 173,Beauty,0.9075649976730347
337,176,Lip Balm 176,Beauty,0.904658317565918
337,177,Hair Oil 177,Beauty,0.9029788970947266
338,146,Operating Systems Book 146,Books,0.8534599542617798
338,149,Algorithms Book 149,Books,0.8408052921295166
338,142,Data Science Book 142,Books,0.8357506394386292
338,145,Database Systems Book 145,Books,0.834256649017334
338,148,Java Programming Book 148,Books,0.8332726955413818
339,17,Wrist Watch 17,Fashion,0.8740695118904114
339,12,Slim Fit Jeans 12,Fashion,0.8739339113235474
339,18,Sunglasses 18,Fashion,0.8689035177230835
339,19,Casual Shoes 19,Fashion,0.8577596545219421
339,11,Cotton T-Shirt 11,Fashion,0.8486918807029724
340,168,Sports Shoes 168,Sports,0.8836866617202759
340,164,Tennis Ball Set 164,Sports,0.8806124329566956
340,163,Badminton Racket 163,Sports,0.867125391960144
340,165,Gym Gloves 165,Sports,0.8669885993003845
340,170,Fitness Band 170,Sports,0.8620555400848389
341,194,Running Sneakers 194,Fashion,0.8904408812522888
341,192,Slim Fit Jeans 192,Fashion,0.8786161541938782
341,197,Wrist Watch 197,Fashion,0.8572971820831299
341,196,Travel Backpack 196,Fashion,0.8538784980773926
341,195,Pullover Hoodie 195,Fashion,0.8384076952934265
342,142,Data Science Book 142,Books,0.8824825882911682
342,150,Cloud Computing Book 150,Books,0.8687227964401245
342,149,Algorithms Book 149,Books,0.858696699142456
342,147,Computer Networks Book 147,Books,0.8463638424873352
342,144,AI Fundamentals Book 144,Books,0.8463587760925293
343,69,Computer Monitor 69,Electronics,0.7383022308349609
343,66,Digital Camera 66,Electronics,0.7292850017547607
343,65,Tablet 65,Electronics,0.7186092138290405
343,61,Smartphone 61,Electronics,0.7065155506134033
343,64,Smartwatch 64,Electronics,0.6998823881149292
344,175,Sunscreen 175,Beauty,0.9089264869689941
344,180,Beauty Care Kit 180,Beauty,0.8783682584762573
344,176,Lip Balm 176,Beauty,0.8664142489433289
344,177,Hair Oil 177,Beauty,0.8567596077919006
344,174,Perfume 174,Beauty,0.8510074615478516
345,99,Steel Water Bottle 99,Home,0.873018205165863
345,94,Window Curtains 94,Home,0.8652125000953674
345,96,Storage Organizer 96,Home,0.8511161804199219
345,93,Cotton Bed Sheet 93,Home,0.8425655364990234
345,95,Wall Clock 95,Home,0.831307590007782
346,154,Window Curtains 154,Home,0.7659716010093689
346,152,Ergonomic Office Chair 152,Home,0.7647690773010254
346,151,Table Lamp 151,Home,0.7604033946990967
346,155,Wall Clock 155,Home,0.7587010264396667
346,156,Storage Organizer 156,Home,0.7484456300735474
347,8,Wireless Mouse 8,Electronics,0.8822441101074219
347,10,Bluetooth Speaker 10,Electronics,0.8635380268096924
347,2,Laptop 2,Electronics,0.8331618309020996
347,3,Wireless Headphones 3,Electronics,0.8300346732139587
347,5,Tablet 5,Electronics,0.8194561004638672
348,72,Slim Fit Jeans 72,Fashion,0.7648763656616211
348,78,Sunglasses 78,Fashion,0.7404616475105286
348,75,Pullover Hoodie 75,Fashion,0.7367343306541443
348,77,Wrist Watch 77,Fashion,0.7199689745903015
348,73,Casual Jacket 73,Fashion,0.719399631023407
349,97,Decorative Cushion 97,Home,0.9414049983024597
349,96,Storage Organizer 96,Home,0.9069257974624634
349,94,Window Curtains 94,Home,0.9064769744873047
349,95,Wall Clock 95,Home,0.904323160648346
349,92,Ergonomic Office Chair 92,Home,0.9037866592407227
350,8,Wireless Mouse 8,Electronics,0.879421591758728
350,10,Bluetooth Speaker 10,Electronics,0.8654981851577759
350,3,Wireless Headphones 3,Electronics,0.8454615473747253
350,2,Laptop 2,Electronics,0.8433473706245422
350,5,Tablet 5,Electronics,0.8385053873062134
351,133,Casual Jacket 133,Fashion,0.8355280160903931
351,135,Pullover Hoodie 135,Fashion,0.8153243064880371
351,137,Wrist Watch 137,Fashion,0.8092877864837646
351,138,Sunglasses 138,Fashion,0.8089637756347656
351,139,Casual Shoes 139,Fashion,0.7971062064170837
352,78,Sunglasses 78,Fashion,0.9445816874504089
352,72,Slim Fit Jeans 72,Fashion,0.9208759069442749
352,74,Running Sneakers 74,Fashion,0.9134123921394348
352,79,Casual Shoes 79,Fashion,0.9012829065322876
352,73,Casual Jacket 73,Fashion,0.8808427453041077
353,149,Algorithms Book 149,Books,0.8443934917449951
353,150,Cloud Computing Book 150,Books,0.8420652747154236
353,141,Python Programming Book 141,Books,0.8210359215736389
353,146,Operating Systems Book 146,Books,0.8158193826675415
353,148,Java Programming Book 148,Books,0.8135073184967041
354,42,Cricket Bat 42,Sports,0.8616238832473755
354,45,Gym Gloves 45,Sports,0.8304022550582886
354,47,Skipping Rope 47,Sports,0.8303626179695129
354,48,Sports Shoes 48,Sports,0.8249932527542114
354,43,Badminton Racket 43,Sports,0.8206993341445923
355,97,Decorative Cushion 97,Home,0.8815922737121582
355,99,Steel Water Bottle 99,Home,0.863669216632843
355,92,Ergonomic Office Chair 92,Home,0.8599727749824524
355,96,Storage Organizer 96,Home,0.8577200770378113
355,100,Home Decor Set 100,Home,0.8495851159095764
356,83,Machine Learning Book 83,Books,0.7676855325698853
356,87,Computer Networks Book 87,Books,0.7519423365592957
356,89,Algorithms Book 89,Books,0.7484819293022156
356,84,AI Fundamentals Book 84,Books,0.7423062324523926
356,85,Database Systems Book 85,Books,0.7383325695991516
357,151,Table Lamp 151,Home,0.9050483703613281
357,155,Wall Clock 155,Home,0.8682146668434143
357,153,Cotton Bed Sheet 153,Home,0.8573025465011597
357,154,Window Curtains 154,Home,0.8526530861854553
357,152,Ergonomic Office Chair 152,Home,0.8476383090019226
358,149,Algorithms Book 149,Books,0.7599009871482849
358,148,Java Programming Book 148,Books,0.7561994194984436
358,144,AI Fundamentals Book 144,Books,0.7410082817077637
358,150,Cloud Computing Book 150,Books,0.7352368831634521
358,142,Data Science Book 142,Books,0.7252004146575928
359,42,Cricket Bat 42,Sports,0.8860315680503845
359,43,Badminton Racket 43,Sports,0.8815529346466064
359,45,Gym Gloves 45,Sports,0.8774942755699158
359,47,Skipping Rope 47,Sports,0.8733426332473755
359,50,Fitness Band 50,Sports,0.8660374283790588
360,69,Computer Monitor 69,Electronics,0.7034499645233154
360,70,Bluetooth Speaker 70,Electronics,0.7033641338348389
360,66,Digital Camera 66,Electronics,0.676922082901001
360,63,Wireless Headphones 63,Electronics,0.6724074482917786
360,68,Wireless Mouse 68,Electronics,0.6724007725715637
361,161,Football 161,Sports,0.8850417137145996
361,162,Cricket Bat 162,Sports,0.8733218908309937
361,167,Skipping Rope 167,Sports,0.8557292222976685
361,163,Badminton Racket 163,Sports,0.8536621928215027
361,165,Gym Gloves 165,Sports,0.8416929244995117
362,28,Java Programming Book 28,Books,0.8276057839393616
362,27,Computer Networks Book 27,Books,0.821739912033081
362,23,Machine Learning Book 23,Books,0.8209133148193359
362,30,Cloud Computing Book 30,Books,0.8178841471672058
362,25,Database Systems Book 25,Books,0.8105932474136353
363,132,Slim Fit Jeans 132,Fashion,0.7325078248977661
363,138,Sunglasses 138,Fashion,0.7073732018470764
363,133,Casual Jacket 133,Fashion,0.7003955841064453
363,131,Cotton T-Shirt 131,Fashion,0.6987045407295227
363,137,Wrist Watch 137,Fashion,0.6964627504348755
364,169,Adjustable Dumbbells 169,Sports,0.8679118156433105
364,170,Fitness Band 170,Sports,0.8670803308486938
364,162,Cricket Bat 162,Sports,0.8668913245201111
364,165,Gym Gloves 165,Sports,0.8648775219917297
364,163,Badminton Racket 163,Sports,0.8633372783660889
365,2,Laptop 2,Electronics,0.8678818941116333
365,8,Wireless Mouse 8,Electronics,0.8508055210113525
365,5,Tablet 5,Electronics,0.8480629324913025
365,10,Bluetooth Speaker 10,Electronics,0.8329024910926819
365,1,Smartphone 1,Electronics,0.8287231922149658
366,97,Decorative Cushion 97,Home,0.9595631957054138
366,99,Steel Water Bottle 99,Home,0.9540418386459351
366,96,Storage Organizer 96,Home,0.9489924311637878
366,93,Cotton Bed Sheet 93,Home,0.9457623958587646
366,94,Window Curtains 94,Home,0.9442024230957031
367,183,Wireless Headphones 183,Electronics,0.8332889080047607
367,182,Laptop 182,Electronics,0.8196552991867065
367,186,Digital Camera 186,Electronics,0.8067570328712463
367,189,Computer Monitor 189,Electronics,0.8050228953361511
367,181,Smartphone 181,Electronics,0.7980597019195557
368,46,Yoga Mat 46,Sports,0.882683515548706
368,45,Gym Gloves 45,Sports,0.8817258477210999
368,47,Skipping Rope 47,Sports,0.8803615570068359
368,43,Badminton Racket 43,Sports,0.8741769194602966
368,42,Cricket Bat 42,Sports,0.8650678992271423
369,175,Sunscreen 175,Beauty,0.8979244828224182
369,177,Hair Oil 177,Beauty,0.8710674047470093
369,176,Lip Balm 176,Beauty,0.8670789003372192
369,179,Face Cream 179,Beauty,0.8485333919525146
369,174,Perfume 174,Beauty,0.837001621723175
370,119,Face Cream 119,Beauty,0.7880340218544006
370,115,Sunscreen 115,Beauty,0.7767248749732971
370,118,Body Lotion 118,Beauty,0.7755011916160583
370,113,Shampoo 113,Beauty,0.7739757299423218
370,112,Moisturizer 112,Beauty,0.7525323033332825
371,175,Sunscreen 175,Beauty,0.8851230144500732
371,180,Beauty Care Kit 180,Beauty,0.8810415267944336
371,172,Moisturizer 172,Beauty,0.8732410073280334
371,176,Lip Balm 176,Beauty,0.8653261661529541
371,173,Shampoo 173,Beauty,0.8624459505081177
372,142,Data Science Book 142,Books,0.8459516763687134
372,150,Cloud Computing Book 150,Books,0.826165497303009
372,149,Algorithms Book 149,Books,0.8186203837394714
372,101,Football 101,Sports,0.7939761877059937
372,144,AI Fundamentals Book 144,Books,0.793336033821106
373,69,Computer Monitor 69,Electronics,0.8076423406600952
373,70,Bluetooth Speaker 70,Electronics,0.8045730590820312
373,64,Smartwatch 64,Electronics,0.771257758140564
373,63,Wireless Headphones 63,Electronics,0.7643863558769226
373,67,Mechanical Keyboard 67,Electronics,0.754386842250824
374,188,Wireless Mouse 188,Electronics,0.8907300233840942
374,126,Digital Camera 126,Electronics,0.8781368136405945
374,181,Smartphone 181,Electronics,0.8770452737808228
374,182,Laptop 182,Electronics,0.8658303022384644
374,186,Digital Camera 186,Electronics,0.8657585382461548
375,78,Sunglasses 78,Fashion,0.8260687589645386
375,75,Pullover Hoodie 75,Fashion,0.8204643726348877
375,71,Cotton T-Shirt 71,Fashion,0.8155871033668518
375,72,Slim Fit Jeans 72,Fashion,0.8150598406791687
375,77,Wrist Watch 77,Fashion,0.807165801525116
376,12,Slim Fit Jeans 12,Fashion,0.8767029643058777
376,17,Wrist Watch 17,Fashion,0.8425621390342712
376,18,Sunglasses 18,Fashion,0.842541515827179
376,16,Travel Backpack 16,Fashion,0.8364214897155762
376,14,Running Sneakers 14,Fashion,0.831932008266449
377,151,Table Lamp 151,Home,0.7778329849243164
377,158,Desk Organizer 158,Home,0.7441692352294922
377,155,Wall Clock 155,Home,0.7341643571853638
377,160,Home Decor Set 160,Home,0.7245628833770752
377,152,Ergonomic Office Chair 152,Home,0.7238917350769043
378,127,Mechanical Keyboard 127,Electronics,0.8825998306274414
378,123,Wireless Headphones 123,Electronics,0.8800677061080933
378,126,Digital Camera 126,Electronics,0.8770956993103027
378,130,Bluetooth Speaker 130,Electronics,0.8679714798927307
378,125,Tablet 125,Electronics,0.8677350282669067
379,155,Wall Clock 155,Home,0.7860440015792847
379,158,Desk Organizer 158,Home,0.779866635799408
379,151,Table Lamp 151,Home,0.7790073752403259
379,154,Window Curtains 154,Home,0.776857852935791
379,152,Ergonomic Office Chair 152,Home,0.7679316401481628
380,50,Fitness Band 50,Sports,0.7099549174308777
380,42,Cricket Bat 42,Sports,0.7007090449333191
380,46,Yoga Mat 46,Sports,0.6965268850326538
380,45,Gym Gloves 45,Sports,0.6958810687065125
380,47,Skipping Rope 47,Sports,0.6906499862670898
381,183,Wireless Headphones 183,Electronics,0.801091730594635
381,184,Smartwatch 184,Electronics,0.7920353412628174
381,187,Mechanical Keyboard 187,Electronics,0.7647149562835693
381,181,Smartphone 181,Electronics,0.7581967115402222
381,185,Tablet 185,Electronics,0.7578788995742798
382,37,Decorative Cushion 37,Home,0.8729504942893982
382,32,Ergonomic Office Chair 32,Home,0.8588746190071106
382,31,Table Lamp 31,Home,0.8522078394889832
382,40,Home Decor Set 40,Home,0.8426779508590698
382,35,Wall Clock 35,Home,0.837864875793457
383,37,Decorative Cushion 37,Home,0.8893516063690186
383,35,Wall Clock 35,Home,0.8654149770736694
383,40,Home Decor Set 40,Home,0.8450986742973328
383,33,Cotton Bed Sheet 33,Home,0.8325400948524475
383,32,Ergonomic Office Chair 32,Home,0.8221684098243713
384,144,AI Fundamentals Book 144,Books,0.8851454257965088
384,145,Database Systems Book 145,Books,0.8794764876365662
384,142,Data Science Book 142,Books,0.8763792514801025
384,146,Operating Systems Book 146,Books,0.8674995303153992
384,148,Java Programming Book 148,Books,0.8672544360160828
385,43,Badminton Racket 43,Sports,0.857722282409668
385,47,Skipping Rope 47,Sports,0.8570846915245056
385,50,Fitness Band 50,Sports,0.8480299115180969
385,42,Cricket Bat 42,Sports,0.8461954593658447
385,45,Gym Gloves 45,Sports,0.8321819305419922
386,45,Gym Gloves 45,Sports,0.7364104390144348
386,46,Yoga Mat 46,Sports,0.7301258444786072
386,48,Sports Shoes 48,Sports,0.7031726837158203
386,41,Football 41,Sports,0.702043890953064
386,42,Cricket Bat 42,Sports,0.6976873278617859
387,151,Table Lamp 151,Home,0.8644294738769531
387,155,Wall Clock 155,Home,0.8368191123008728
387,154,Window Curtains 154,Home,0.8257358074188232
387,152,Ergonomic Office Chair 152,Home,0.8216884732246399
387,159,Steel Water Bottle 159,Home,0.8179434537887573
388,106,Yoga Mat 106,Sports,0.9207251071929932
388,104,Tennis Ball Set 104,Sports,0.9170101284980774
388,101,Football 101,Sports,0.9060672521591187
388,103,Badminton Racket 103,Sports,0.9047660827636719
388,109,Adjustable Dumbbells 109,Sports,0.8932347893714905
389,121,Smartphone 121,Electronics,0.9126715064048767
389,127,Mechanical Keyboard 127,Electronics,0.8696559071540833
389,126,Digital Camera 126,Electronics,0.8676942586898804
389,125,Tablet 125,Electronics,0.8563830852508545
389,123,Wireless Headphones 123,Electronics,0.8401602506637573
390,101,Football 101,Sports,0.9050508141517639
390,104,Tennis Ball Set 104,Sports,0.8822731375694275
390,108,Sports Shoes 108,Sports,0.8802647590637207
390,106,Yoga Mat 106,Sports,0.8747933506965637
390,110,Fitness Band 110,Sports,0.8526660799980164
391,125,Tablet 125,Electronics,0.8520539999008179
391,122,Laptop 122,Electronics,0.8331083059310913
391,130,Bluetooth Speaker 130,Electronics,0.8064852356910706
391,127,Mechanical Keyboard 127,Electronics,0.8015279769897461
391,129,Computer Monitor 129,Electronics,0.7902897000312805
392,158,Desk Organizer 158,Home,0.791410505771637
392,152,Ergonomic Office Chair 152,Home,0.7891838550567627
392,151,Table Lamp 151,Home,0.7876366972923279
392,154,Window Curtains 154,Home,0.7873532176017761
392,155,Wall Clock 155,Home,0.7744349837303162
393,14,Running Sneakers 14,Fashion,0.742993950843811
393,17,Wrist Watch 17,Fashion,0.73737633228302
393,15,Pullover Hoodie 15,Fashion,0.7371389865875244
393,19,Casual Shoes 19,Fashion,0.73603755235672
393,11,Cotton T-Shirt 11,Fashion,0.7281630039215088
394,27,Computer Networks Book 27,Books,0.8662036657333374
394,28,Java Programming Book 28,Books,0.8611887097358704
394,23,Machine Learning Book 23,Books,0.8538339734077454
394,26,Operating Systems Book 26,Books,0.8497187495231628
394,21,Python Programming Book 21,Books,0.8493516445159912
395,93,Cotton Bed Sheet 93,Home,0.9475787878036499
395,99,Steel Water Bottle 99,Home,0.9473682641983032
395,94,Window Curtains 94,Home,0.939853310585022
395,97,Decorative Cushion 97,Home,0.937645435333252
395,100,Home Decor Set 100,Home,0.9278998374938965
396,26,Operating Systems Book 26,Books,0.9337368607521057
396,28,Java Programming Book 28,Books,0.8943313360214233
396,30,Cloud Computing Book 30,Books,0.8939555883407593
396,29,Algorithms Book 29,Books,0.8870639801025391
396,24,AI Fundamentals Book 24,Books,0.8815152645111084
397,32,Ergonomic Office Chair 32,Home,0.907980740070343
397,31,Table Lamp 31,Home,0.9066404104232788
397,37,Decorative Cushion 37,Home,0.8993279933929443
397,40,Home Decor Set 40,Home,0.8774088621139526
397,35,Wall Clock 35,Home,0.8623222708702087
398,54,Perfume 54,Beauty,0.7885363101959229
398,94,Window Curtains 94,Home,0.7836959362030029
398,96,Storage Organizer 96,Home,0.781715989112854
398,91,Table Lamp 91,Home,0.7786182165145874
398,93,Cotton Bed Sheet 93,Home,0.7751879692077637
399,10,Bluetooth Speaker 10,Electronics,0.8064947724342346
399,5,Tablet 5,Electronics,0.7754915952682495
399,8,Wireless Mouse 8,Electronics,0.7649857997894287
399,6,Digital Camera 6,Electronics,0.7581626176834106
399,2,Laptop 2,Electronics,0.7565327882766724
400,101,Football 101,Sports,0.8967174887657166
400,104,Tennis Ball Set 104,Sports,0.8873071670532227
400,106,Yoga Mat 106,Sports,0.8694198727607727
400,108,Sports Shoes 108,Sports,0.8656620383262634
400,103,Badminton Racket 103,Sports,0.848418653011322
401,97,Decorative Cushion 97,Home,0.8864179849624634
401,96,Storage Organizer 96,Home,0.8783690333366394
401,94,Window Curtains 94,Home,0.87215656042099
401,99,Steel Water Bottle 99,Home,0.8687858581542969
401,93,Cotton Bed Sheet 93,Home,0.8669600486755371
402,118,Body Lotion 118,Beauty,0.9361064434051514
402,119,Face Cream 119,Beauty,0.9136207103729248
402,116,Lip Balm 116,Beauty,0.8992730975151062
402,112,Moisturizer 112,Beauty,0.8976534605026245
402,120,Beauty Care Kit 120,Beauty,0.8953588008880615
403,42,Cricket Bat 42,Sports,0.8904209733009338
403,43,Badminton Racket 43,Sports,0.8816466927528381
403,45,Gym Gloves 45,Sports,0.8810496926307678
403,47,Skipping Rope 47,Sports,0.8693473935127258
403,48,Sports Shoes 48,Sports,0.857929527759552
404,163,Badminton Racket 163,Sports,0.8764629364013672
404,169,Adjustable Dumbbells 169,Sports,0.8682590126991272
404,162,Cricket Bat 162,Sports,0.8664522171020508
404,165,Gym Gloves 165,Sports,0.863926112651825
404,170,Fitness Band 170,Sports,0.8597040772438049
405,183,Wireless Headphones 183,Electronics,0.8833034634590149
405,184,Smartwatch 184,Electronics,0.872065544128418
405,182,Laptop 182,Electronics,0.8713489770889282
405,181,Smartphone 181,Electronics,0.8599357604980469
405,188,Wireless Mouse 188,Electronics,0.8586090207099915
406,54,Perfume 54,Beauty,0.9066299200057983
406,52,Moisturizer 52,Beauty,0.8688885569572449
406,59,Face Cream 59,Beauty,0.8606424331665039
406,53,Shampoo 53,Beauty,0.857155978679657
406,57,Hair Oil 57,Beauty,0.8437862992286682
407,197,Wrist Watch 197,Fashion,0.849730908870697
407,192,Slim Fit Jeans 192,Fashion,0.8211153149604797
407,194,Running Sneakers 194,Fashion,0.8129597306251526
407,191,Cotton T-Shirt 191,Fashion,0.8078364133834839
407,193,Casual Jacket 193,Fashion,0.7946299314498901
408,198,Sunglasses 198,Fashion,0.7988998293876648
408,191,Cotton T-Shirt 191,Fashion,0.7837439179420471
408,197,Wrist Watch 197,Fashion,0.7814931869506836
408,196,Travel Backpack 196,Fashion,0.7785893082618713
408,194,Running Sneakers 194,Fashion,0.7724456191062927
409,155,Wall Clock 155,Home,0.8795162439346313
409,158,Desk Organizer 158,Home,0.8652893900871277
409,151,Table Lamp 151,Home,0.8482182621955872
409,152,Ergonomic Office Chair 152,Home,0.8362395763397217
409,153,Cotton Bed Sheet 153,Home,0.8322946429252625
410,43,Badminton Racket 43,Sports,0.8540242910385132
410,47,Skipping Rope 47,Sports,0.8476477265357971
410,42,Cricket Bat 42,Sports,0.8410360217094421
410,45,Gym Gloves 45,Sports,0.8351704478263855
410,50,Fitness Band 50,Sports,0.8337221145629883
411,149,Algorithms Book 149,Books,0.9044615030288696
411,141,Python Programming Book 141,Books,0.8780518174171448
411,150,Cloud Computing Book 150,Books,0.8775020241737366
411,143,Machine Learning Book 143,Books,0.8709700703620911
411,146,Operating Systems Book 146,Books,0.8651032447814941
412,149,Algorithms Book 149,Books,0.8227837681770325
412,141,Python Programming Book 141,Books,0.792441189289093
412,143,Machine Learning Book 143,Books,0.7882208824157715
412,150,Cloud Computing Book 150,Books,0.7877328395843506
412,147,Computer Networks Book 147,Books,0.7857288718223572
413,8,Wireless Mouse 8,Electronics,0.9113444089889526
413,10,Bluetooth Speaker 10,Electronics,0.8983335494995117
413,2,Laptop 2,Electronics,0.8936429023742676
413,5,Tablet 5,Electronics,0.8932597637176514
413,1,Smartphone 1,Electronics,0.884780764579773
414,97,Decorative Cushion 97,Home,0.9287805557250977
414,96,Storage Organizer 96,Home,0.8927556872367859
414,94,Window Curtains 94,Home,0.8849016427993774
414,95,Wall Clock 95,Home,0.8795307278633118
414,99,Steel Water Bottle 99,Home,0.8768259882926941
415,54,Perfume 54,Beauty,0.8945564031600952
415,53,Shampoo 53,Beauty,0.8690270781517029
415,52,Moisturizer 52,Beauty,0.8677405714988708
415,59,Face Cream 59,Beauty,0.8643435835838318
415,57,Hair Oil 57,Beauty,0.8537700176239014
416,150,Cloud Computing Book 150,Books,0.8344792127609253
416,149,Algorithms Book 149,Books,0.8306964039802551
416,144,AI Fundamentals Book 144,Books,0.8258958458900452
416,146,Operating Systems Book 146,Books,0.824498176574707
416,142,Data Science Book 142,Books,0.8237147331237793
417,183,Wireless Headphones 183,Electronics,0.8258799910545349
417,188,Wireless Mouse 188,Electronics,0.8207345008850098
417,187,Mechanical Keyboard 187,Electronics,0.819629430770874
417,182,Laptop 182,Electronics,0.8189700245857239
417,184,Smartwatch 184,Electronics,0.8156962394714355
418,137,Wrist Watch 137,Fashion,0.8347866535186768
418,132,Slim Fit Jeans 132,Fashion,0.833482027053833
418,136,Travel Backpack 136,Fashion,0.8116516470909119
418,135,Pullover Hoodie 135,Fashion,0.7961735725402832
418,134,Running Sneakers 134,Fashion,0.7951288819313049
419,146,Operating Systems Book 146,Books,0.7131008505821228
419,141,Python Programming Book 141,Books,0.7075246572494507
419,149,Algorithms Book 149,Books,0.6967744827270508
419,142,Data Science Book 142,Books,0.6946390271186829
419,145,Database Systems Book 145,Books,0.6922930479049683
420,69,Computer Monitor 69,Electronics,0.8282991647720337
420,66,Digital Camera 66,Electronics,0.8072503805160522
420,61,Smartphone 61,Electronics,0.8061456680297852
420,64,Smartwatch 64,Electronics,0.790203332901001
420,63,Wireless Headphones 63,Electronics,0.7854247689247131
421,151,Table Lamp 151,Home,0.8331565856933594
421,152,Ergonomic Office Chair 152,Home,0.8221015930175781
421,155,Wall Clock 155,Home,0.8128542900085449
421,154,Window Curtains 154,Home,0.8073643445968628
421,153,Cotton Bed Sheet 153,Home,0.7998056411743164
422,75,Pullover Hoodie 75,Fashion,0.92535799741745
422,78,Sunglasses 78,Fashion,0.9253323674201965
422,76,Travel Backpack 76,Fashion,0.8976868391036987
422,79,Casual Shoes 79,Fashion,0.8790837526321411
422,77,Wrist Watch 77,Fashion,0.8689037561416626
423,184,Smartwatch 184,Electronics,0.9216764569282532
423,188,Wireless Mouse 188,Electronics,0.9129717946052551
423,183,Wireless Headphones 183,Electronics,0.9123830199241638
423,185,Tablet 185,Electronics,0.9081314206123352
423,181,Smartphone 181,Electronics,0.9031543731689453
424,183,Wireless Headphones 183,Electronics,0.8964200615882874
424,184,Smartwatch 184,Electronics,0.8882046341896057
424,182,Laptop 182,Electronics,0.8869854211807251
424,181,Smartphone 181,Electronics,0.8761462569236755
424,186,Digital Camera 186,Electronics,0.8712540864944458
425,94,Window Curtains 94,Home,0.9296653270721436
425,97,Decorative Cushion 97,Home,0.9158771634101868
425,96,Storage Organizer 96,Home,0.902514636516571
425,95,Wall Clock 95,Home,0.9016141891479492
425,93,Cotton Bed Sheet 93,Home,0.9009517431259155
426,121,Smartphone 121,Electronics,0.8960167169570923
426,125,Tablet 125,Electronics,0.8841801881790161
426,127,Mechanical Keyboard 127,Electronics,0.8807822465896606
426,123,Wireless Headphones 123,Electronics,0.8629196882247925
426,126,Digital Camera 126,Electronics,0.8627258539199829
427,10,Bluetooth Speaker 10,Electronics,0.832571268081665
427,8,Wireless Mouse 8,Electronics,0.8310624361038208
427,2,Laptop 2,Electronics,0.796109676361084
427,9,Computer Monitor 9,Electronics,0.7938666343688965
427,3,Wireless Headphones 3,Electronics,0.7909459471702576
428,14,Running Sneakers 14,Fashion,0.7880556583404541
428,15,Pullover Hoodie 15,Fashion,0.7844094634056091
428,17,Wrist Watch 17,Fashion,0.7740210890769958
428,13,Casual Jacket 13,Fashion,0.7626229524612427
428,16,Travel Backpack 16,Fashion,0.7565723657608032
429,155,Wall Clock 155,Home,0.8193903565406799
429,158,Desk Organizer 158,Home,0.8094183206558228
429,151,Table Lamp 151,Home,0.7996395230293274
429,153,Cotton Bed Sheet 153,Home,0.7690249085426331
429,152,Ergonomic Office Chair 152,Home,0.7686832547187805
430,79,Casual Shoes 79,Fashion,0.7158106565475464
430,72,Slim Fit Jeans 72,Fashion,0.7106503844261169
430,76,Travel Backpack 76,Fashion,0.7001716494560242
430,78,Sunglasses 78,Fashion,0.6989814043045044
430,74,Running Sneakers 74,Fashion,0.6976240873336792
431,114,Perfume 114,Beauty,0.8351804614067078
431,120,Beauty Care Kit 120,Beauty,0.8068681359291077
431,115,Sunscreen 115,Beauty,0.7993388772010803
431,112,Moisturizer 112,Beauty,0.789541482925415
431,111,Face Wash 111,Beauty,0.7880234122276306
432,70,Bluetooth Speaker 70,Electronics,0.7148011326789856
432,69,Computer Monitor 69,Electronics,0.7144169807434082
432,66,Digital Camera 66,Electronics,0.6961667537689209
432,65,Tablet 65,Electronics,0.6958610415458679
432,67,Mechanical Keyboard 67,Electronics,0.6910139918327332
433,83,Machine Learning Book 83,Books,0.8737355470657349
433,87,Computer Networks Book 87,Books,0.8672493696212769
433,89,Algorithms Book 89,Books,0.8503741025924683
433,85,Database Systems Book 85,Books,0.8442365527153015
433,90,Cloud Computing Book 90,Books,0.8332151174545288
434,35,Wall Clock 35,Home,0.8942441940307617
434,37,Decorative Cushion 37,Home,0.8932728171348572
434,32,Ergonomic Office Chair 32,Home,0.8887441754341125
434,34,Window Curtains 34,Home,0.877424955368042
434,31,Table Lamp 31,Home,0.861962080001831
435,96,Storage Organizer 96,Home,0.8317716717720032
435,94,Window Curtains 94,Home,0.8206562399864197
435,99,Steel Water Bottle 99,Home,0.8201905488967896
435,93,Cotton Bed Sheet 93,Home,0.8191927075386047
435,95,Wall Clock 95,Home,0.8173558115959167
436,17,Wrist Watch 17,Fashion,0.8831689953804016
436,14,Running Sneakers 14,Fashion,0.8780106902122498
436,13,Casual Jacket 13,Fashion,0.8531501293182373
436,18,Sunglasses 18,Fashion,0.8518372178077698
436,11,Cotton T-Shirt 11,Fashion,0.8478037714958191
437,118,Body Lotion 118,Beauty,0.8643264770507812
437,117,Hair Oil 117,Beauty,0.8409731984138489
437,116,Lip Balm 116,Beauty,0.8310721516609192
437,120,Beauty Care Kit 120,Beauty,0.8309614658355713
437,112,Moisturizer 112,Beauty,0.8241589069366455
438,30,Cloud Computing Book 30,Books,0.9422131180763245
438,24,AI Fundamentals Book 24,Books,0.9400656223297119
438,26,Operating Systems Book 26,Books,0.932049036026001
438,23,Machine Learning Book 23,Books,0.9229416847229004
438,27,Computer Networks Book 27,Books,0.915713369846344
439,101,Football 101,Sports,0.8705475330352783
439,108,Sports Shoes 108,Sports,0.816527783870697
439,107,Skipping Rope 107,Sports,0.8094861507415771
439,106,Yoga Mat 106,Sports,0.8083298206329346
439,110,Fitness Band 110,Sports,0.8081655502319336
440,54,Perfume 54,Beauty,0.9020116329193115
440,52,Moisturizer 52,Beauty,0.8920368552207947
440,53,Shampoo 53,Beauty,0.8832167387008667
440,58,Body Lotion 58,Beauty,0.8786141872406006
440,59,Face Cream 59,Beauty,0.8575310111045837
441,42,Cricket Bat 42,Sports,0.7443560361862183
441,50,Fitness Band 50,Sports,0.7198737859725952
441,48,Sports Shoes 48,Sports,0.7183323502540588
441,46,Yoga Mat 46,Sports,0.7176702618598938
441,45,Gym Gloves 45,Sports,0.7070735096931458
442,114,Perfume 114,Beauty,0.8741370439529419
442,112,Moisturizer 112,Beauty,0.8658182621002197
442,118,Body Lotion 118,Beauty,0.8579902052879333
442,113,Shampoo 113,Beauty,0.8384120464324951
442,115,Sunscreen 115,Beauty,0.838076114654541
443,162,Cricket Bat 162,Sports,0.8696348667144775
443,169,Adjustable Dumbbells 169,Sports,0.8612500429153442
443,161,Football 161,Sports,0.853111982345581
443,170,Fitness Band 170,Sports,0.8510836362838745
443,167,Skipping Rope 167,Sports,0.8475793600082397
444,58,Body Lotion 58,Beauty,0.8967609405517578
444,54,Perfume 54,Beauty,0.8894848227500916
444,57,Hair Oil 57,Beauty,0.8704692125320435
444,53,Shampoo 53,Beauty,0.8678832650184631
444,56,Lip Balm 56,Beauty,0.864285945892334
445,155,Wall Clock 155,Home,0.8705852627754211
445,151,Table Lamp 151,Home,0.8464540839195251
445,158,Desk Organizer 158,Home,0.8280709981918335
445,153,Cotton Bed Sheet 153,Home,0.8047549724578857
445,152,Ergonomic Office Chair 152,Home,0.7902605533599854
446,106,Yoga Mat 106,Sports,0.918153703212738
446,103,Badminton Racket 103,Sports,0.9070951342582703
446,107,Skipping Rope 107,Sports,0.8995213508605957
446,101,Football 101,Sports,0.8994899392127991
446,108,Sports Shoes 108,Sports,0.8967479467391968
447,149,Algorithms Book 149,Books,0.9228068590164185
447,146,Operating Systems Book 146,Books,0.918239176273346
447,148,Java Programming Book 148,Books,0.8936325907707214
447,144,AI Fundamentals Book 144,Books,0.8863714933395386
447,141,Python Programming Book 141,Books,0.8824098110198975
448,43,Badminton Racket 43,Sports,0.8621768951416016
448,47,Skipping Rope 47,Sports,0.8581713438034058
448,42,Cricket Bat 42,Sports,0.8481104969978333
448,45,Gym Gloves 45,Sports,0.8402261137962341
448,48,Sports Shoes 48,Sports,0.8321222066879272
449,121,Smartphone 121,Electronics,0.8551931381225586
449,126,Digital Camera 126,Electronics,0.8348485231399536
449,128,Wireless Mouse 128,Electronics,0.827151358127594
449,125,Tablet 125,Electronics,0.8236980438232422
449,127,Mechanical Keyboard 127,Electronics,0.8201768398284912
450,115,Sunscreen 115,Beauty,0.888189435005188
450,120,Beauty Care Kit 120,Beauty,0.8545237183570862
450,112,Moisturizer 112,Beauty,0.8474516868591309
450,111,Face Wash 111,Beauty,0.8468985557556152
450,114,Perfume 114,Beauty,0.8444993495941162
451,121,Smartphone 121,Electronics,0.8593814373016357
451,126,Digital Camera 126,Electronics,0.829219400882721
451,127,Mechanical Keyboard 127,Electronics,0.8249388933181763
451,125,Tablet 125,Electronics,0.8161017894744873
451,128,Wireless Mouse 128,Electronics,0.812654972076416
452,87,Computer Networks Book 87,Books,0.8619754910469055
452,83,Machine Learning Book 83,Books,0.8584029674530029
452,85,Database Systems Book 85,Books,0.8524619936943054
452,90,Cloud Computing Book 90,Books,0.842605710029602
452,89,Algorithms Book 89,Books,0.8319162726402283
453,37,Decorative Cushion 37,Home,0.8549332022666931
453,32,Ergonomic Office Chair 32,Home,0.8535119295120239
453,40,Home Decor Set 40,Home,0.8452930450439453
453,31,Table Lamp 31,Home,0.8441888093948364
453,35,Wall Clock 35,Home,0.8138777613639832
454,118,Body Lotion 118,Beauty,0.6973167657852173
454,111,Face Wash 111,Beauty,0.6869551539421082
454,120,Beauty Care Kit 120,Beauty,0.6756901144981384
454,117,Hair Oil 117,Beauty,0.672027587890625
454,114,Perfume 114,Beauty,0.6685141921043396
455,188,Wireless Mouse 188,Electronics,0.8451488018035889
455,181,Smartphone 181,Electronics,0.8432555198669434
455,184,Smartwatch 184,Electronics,0.840450644493103
455,183,Wireless Headphones 183,Electronics,0.8364371061325073
455,186,Digital Camera 186,Electronics,0.8331406712532043
456,114,Perfume 114,Beauty,0.8565816879272461
456,118,Body Lotion 118,Beauty,0.8256314396858215
456,112,Moisturizer 112,Beauty,0.8170727491378784
456,116,Lip Balm 116,Beauty,0.8141465783119202
456,113,Shampoo 113,Beauty,0.8133435845375061
457,79,Casual Shoes 79,Fashion,0.8016917705535889
457,78,Sunglasses 78,Fashion,0.7936334609985352
457,72,Slim Fit Jeans 72,Fashion,0.7909428477287292
457,75,Pullover Hoodie 75,Fashion,0.7782816886901855
457,76,Travel Backpack 76,Fashion,0.7633501291275024
458,175,Sunscreen 175,Beauty,0.8120957612991333
458,8,Wireless Mouse 8,Electronics,0.8069717884063721
458,10,Bluetooth Speaker 10,Electronics,0.7945432662963867
458,180,Beauty Care Kit 180,Beauty,0.7740437984466553
458,176,Lip Balm 176,Beauty,0.7564546465873718
459,175,Sunscreen 175,Beauty,0.7386780977249146
459,179,Face Cream 179,Beauty,0.7315052151679993
459,178,Body Lotion 178,Beauty,0.709330677986145
459,180,Beauty Care Kit 180,Beauty,0.6972038745880127
459,176,Lip Balm 176,Beauty,0.6970155835151672
460,198,Sunglasses 198,Fashion,0.8812825679779053
460,197,Wrist Watch 197,Fashion,0.8637709617614746
460,194,Running Sneakers 194,Fashion,0.8525905609130859
460,196,Travel Backpack 196,Fashion,0.8509331345558167
460,191,Cotton T-Shirt 191,Fashion,0.8429303765296936
461,30,Cloud Computing Book 30,Books,0.911517322063446
461,27,Computer Networks Book 27,Books,0.8981983065605164
461,26,Operating Systems Book 26,Books,0.894285261631012
461,25,Database Systems Book 25,Books,0.8915923833847046
461,24,AI Fundamentals Book 24,Books,0.8915632963180542
462,94,Window Curtains 94,Home,0.9099975824356079
462,95,Wall Clock 95,Home,0.9061267971992493
462,91,Table Lamp 91,Home,0.904760479927063
462,93,Cotton Bed Sheet 93,Home,0.9036863446235657
462,96,Storage Organizer 96,Home,0.8967152833938599
463,40,Home Decor Set 40,Home,0.8292757868766785
463,37,Decorative Cushion 37,Home,0.8193076252937317
463,34,Window Curtains 34,Home,0.8188403248786926
463,31,Table Lamp 31,Home,0.8085784912109375
463,35,Wall Clock 35,Home,0.800434947013855
464,17,Wrist Watch 17,Fashion,0.706203818321228
464,11,Cotton T-Shirt 11,Fashion,0.7038862109184265
464,19,Casual Shoes 19,Fashion,0.6980950236320496
464,18,Sunglasses 18,Fashion,0.690857470035553
464,16,Travel Backpack 16,Fashion,0.6843369603157043
465,151,Table Lamp 151,Home,0.8744639158248901
465,155,Wall Clock 155,Home,0.8670246005058289
465,152,Ergonomic Office Chair 152,Home,0.8511254787445068
465,158,Desk Organizer 158,Home,0.8420379161834717
465,153,Cotton Bed Sheet 153,Home,0.8331425189971924
466,31,Table Lamp 31,Home,0.8397293090820312
466,40,Home Decor Set 40,Home,0.8248258233070374
466,37,Decorative Cushion 37,Home,0.8168115019798279
466,32,Ergonomic Office Chair 32,Home,0.7979550361633301
466,34,Window Curtains 34,Home,0.7967990040779114
467,175,Sunscreen 175,Beauty,0.8019006252288818
467,180,Beauty Care Kit 180,Beauty,0.7783014178276062
467,174,Perfume 174,Beauty,0.7531248331069946
467,176,Lip Balm 176,Beauty,0.7521462440490723
467,173,Shampoo 173,Beauty,0.7494505643844604
468,125,Tablet 125,Electronics,0.9765443205833435
468,121,Smartphone 121,Electronics,0.9328640103340149
468,127,Mechanical Keyboard 127,Electronics,0.9306901693344116
468,123,Wireless Headphones 123,Electronics,0.9277299046516418
468,129,Computer Monitor 129,Electronics,0.9078885912895203
469,118,Body Lotion 118,Beauty,0.9257512092590332
469,112,Moisturizer 112,Beauty,0.925144612789154
469,113,Shampoo 113,Beauty,0.9166326522827148
469,115,Sunscreen 115,Beauty,0.9054139852523804
469,117,Hair Oil 117,Beauty,0.8982365131378174
470,135,Pullover Hoodie 135,Fashion,0.7618324756622314
470,137,Wrist Watch 137,Fashion,0.7616796493530273
470,133,Casual Jacket 133,Fashion,0.7591115236282349
470,132,Slim Fit Jeans 132,Fashion,0.7546993494033813
470,131,Cotton T-Shirt 131,Fashion,0.7447617053985596
471,47,Skipping Rope 47,Sports,0.7525672912597656
471,50,Fitness Band 50,Sports,0.7521567940711975
471,43,Badminton Racket 43,Sports,0.7461103200912476
471,42,Cricket Bat 42,Sports,0.7291902303695679
471,46,Yoga Mat 46,Sports,0.7241687178611755
472,37,Decorative Cushion 37,Home,0.9260512590408325
472,40,Home Decor Set 40,Home,0.9091474413871765
472,31,Table Lamp 31,Home,0.9048427939414978
472,35,Wall Clock 35,Home,0.8999117016792297
472,32,Ergonomic Office Chair 32,Home,0.8996659517288208
473,194,Running Sneakers 194,Fashion,0.895076334476471
473,197,Wrist Watch 197,Fashion,0.8898388743400574
473,192,Slim Fit Jeans 192,Fashion,0.8803102374076843
473,195,Pullover Hoodie 195,Fashion,0.8714162111282349
473,198,Sunglasses 198,Fashion,0.8562929034233093
474,83,Machine Learning Book 83,Books,0.9311953783035278
474,89,Algorithms Book 89,Books,0.9072292447090149
474,87,Computer Networks Book 87,Books,0.9005512595176697
474,90,Cloud Computing Book 90,Books,0.8969328999519348
474,85,Database Systems Book 85,Books,0.8839623928070068
475,118,Body Lotion 118,Beauty,0.8890063166618347
475,119,Face Cream 119,Beauty,0.8750437498092651
475,116,Lip Balm 116,Beauty,0.8561082482337952
475,113,Shampoo 113,Beauty,0.8537125587463379
475,115,Sunscreen 115,Beauty,0.849791407585144
476,146,Operating Systems Book 146,Books,0.900907576084137
476,142,Data Science Book 142,Books,0.8907794952392578
476,150,Cloud Computing Book 150,Books,0.8624189496040344
476,144,AI Fundamentals Book 144,Books,0.8599773049354553
476,141,Python Programming Book 141,Books,0.8598602414131165
477,114,Perfume 114,Beauty,0.9172806143760681
477,113,Shampoo 113,Beauty,0.8802388906478882
477,118,Body Lotion 118,Beauty,0.879397988319397
477,112,Moisturizer 112,Beauty,0.8761155605316162
477,116,Lip Balm 116,Beauty,0.8628408312797546
478,112,Moisturizer 112,Beauty,0.8064566254615784
478,118,Body Lotion 118,Beauty,0.8056678175926208
478,113,Shampoo 113,Beauty,0.804034948348999
478,117,Hair Oil 117,Beauty,0.8015159964561462
478,115,Sunscreen 115,Beauty,0.7996359467506409
479,118,Body Lotion 118,Beauty,0.9059375524520874
479,112,Moisturizer 112,Beauty,0.8905482888221741
479,114,Perfume 114,Beauty,0.8801079392433167
479,113,Shampoo 113,Beauty,0.8800719976425171
479,117,Hair Oil 117,Beauty,0.8782667517662048
480,123,Wireless Headphones 123,Electronics,0.8905897736549377
480,129,Computer Monitor 129,Electronics,0.8749375343322754
480,127,Mechanical Keyboard 127,Electronics,0.8742797374725342
480,121,Smartphone 121,Electronics,0.8680934906005859
480,126,Digital Camera 126,Electronics,0.862952709197998
481,61,Smartphone 61,Electronics,0.811144232749939
481,69,Computer Monitor 69,Electronics,0.7900893688201904
481,66,Digital Camera 66,Electronics,0.7768219113349915
481,63,Wireless Headphones 63,Electronics,0.769445538520813
481,70,Bluetooth Speaker 70,Electronics,0.7680476307868958
482,149,Algorithms Book 149,Books,0.8582754731178284
482,146,Operating Systems Book 146,Books,0.8290175795555115
482,148,Java Programming Book 148,Books,0.821406900882721
482,145,Database Systems Book 145,Books,0.8203313946723938
482,142,Data Science Book 142,Books,0.8196548223495483
483,69,Computer Monitor 69,Electronics,0.7616169452667236
483,70,Bluetooth Speaker 70,Electronics,0.7581591010093689
483,66,Digital Camera 66,Electronics,0.7353223562240601
483,61,Smartphone 61,Electronics,0.7285053730010986
483,65,Tablet 65,Electronics,0.7281311750411987
484,5,Tablet 5,Electronics,0.7550962567329407
484,10,Bluetooth Speaker 10,Electronics,0.7527663111686707
484,6,Digital Camera 6,Electronics,0.7213253974914551
484,8,Wireless Mouse 8,Electronics,0.7059262990951538
484,1,Smartphone 1,Electronics,0.7045565247535706
485,106,Yoga Mat 106,Sports,0.9016211628913879
485,101,Football 101,Sports,0.895977795124054
485,103,Badminton Racket 103,Sports,0.8935464024543762
485,109,Adjustable Dumbbells 109,Sports,0.8880878686904907
485,104,Tennis Ball Set 104,Sports,0.882664144039154
486,50,Fitness Band 50,Sports,0.8637316226959229
486,42,Cricket Bat 42,Sports,0.860392153263092
486,43,Badminton Racket 43,Sports,0.857231855392456
486,45,Gym Gloves 45,Sports,0.8439003825187683
486,47,Skipping Rope 47,Sports,0.8356865644454956
487,69,Computer Monitor 69,Electronics,0.8410569429397583
487,65,Tablet 65,Electronics,0.8278407454490662
487,61,Smartphone 61,Electronics,0.8221694231033325
487,70,Bluetooth Speaker 70,Electronics,0.8060000538825989
487,63,Wireless Headphones 63,Electronics,0.8002780079841614
488,175,Sunscreen 175,Beauty,0.8198258876800537
488,179,Face Cream 179,Beauty,0.8165053129196167
488,173,Shampoo 173,Beauty,0.7932132482528687
488,178,Body Lotion 178,Beauty,0.7840680480003357
488,177,Hair Oil 177,Beauty,0.7835368514060974
489,183,Wireless Headphones 183,Electronics,0.872339129447937
489,182,Laptop 182,Electronics,0.8504036068916321
489,181,Smartphone 181,Electronics,0.8380957841873169
489,186,Digital Camera 186,Electronics,0.8340061902999878
489,188,Wireless Mouse 188,Electronics,0.827539324760437
490,79,Casual Shoes 79,Fashion,0.8831371068954468
490,71,Cotton T-Shirt 71,Fashion,0.8779558539390564
490,72,Slim Fit Jeans 72,Fashion,0.8726162314414978
490,76,Travel Backpack 76,Fashion,0.8675701022148132
490,80,Baseball Cap 80,Fashion,0.8638323545455933
491,47,Skipping Rope 47,Sports,0.8650933504104614
491,42,Cricket Bat 42,Sports,0.8633382320404053
491,43,Badminton Racket 43,Sports,0.8568193912506104
491,46,Yoga Mat 46,Sports,0.8550005555152893
491,50,Fitness Band 50,Sports,0.8544552326202393
492,5,Tablet 5,Electronics,0.7642982602119446
492,2,Laptop 2,Electronics,0.7411736845970154
492,8,Wireless Mouse 8,Electronics,0.71543288230896
492,3,Wireless Headphones 3,Electronics,0.6880046129226685
492,6,Digital Camera 6,Electronics,0.6816295981407166
493,42,Cricket Bat 42,Sports,0.78583163022995
493,47,Skipping Rope 47,Sports,0.7850645184516907
493,46,Yoga Mat 46,Sports,0.7794256806373596
493,50,Fitness Band 50,Sports,0.7758553624153137
493,48,Sports Shoes 48,Sports,0.7745044231414795
494,87,Computer Networks Book 87,Books,0.9117558002471924
494,89,Algorithms Book 89,Books,0.8774102926254272
494,83,Machine Learning Book 83,Books,0.8767428398132324
494,86,Operating Systems Book 86,Books,0.863269567489624
494,90,Cloud Computing Book 90,Books,0.860959529876709
495,37,Decorative Cushion 37,Home,0.8606483936309814
495,32,Ergonomic Office Chair 32,Home,0.8353197574615479
495,35,Wall Clock 35,Home,0.833665668964386
495,31,Table Lamp 31,Home,0.8122386932373047
495,38,Desk Organizer 38,Home,0.8117528557777405
496,42,Cricket Bat 42,Sports,0.8963916897773743
496,47,Skipping Rope 47,Sports,0.888105571269989
496,48,Sports Shoes 48,Sports,0.8834234476089478
496,46,Yoga Mat 46,Sports,0.8793528079986572
496,50,Fitness Band 50,Sports,0.8667537569999695
497,114,Perfume 114,Beauty,0.8766189813613892
497,120,Beauty Care Kit 120,Beauty,0.8619654178619385
497,115,Sunscreen 115,Beauty,0.8522549867630005
497,112,Moisturizer 112,Beauty,0.8427634239196777
497,117,Hair Oil 117,Beauty,0.8389997482299805
498,183,Wireless Headphones 183,Electronics,0.8474558591842651
498,184,Smartwatch 184,Electronics,0.8308939933776855
498,181,Smartphone 181,Electronics,0.8062015175819397
498,182,Laptop 182,Electronics,0.8002837896347046
498,185,Tablet 185,Electronics,0.7950801253318787
499,3,Wireless Headphones 3,Electronics,0.7534623146057129
499,8,Wireless Mouse 8,Electronics,0.7418287992477417
499,10,Bluetooth Speaker 10,Electronics,0.7302677631378174
499,2,Laptop 2,Electronics,0.7276180982589722
499,6,Digital Camera 6,Electronics,0.7196378111839294
500,83,Machine Learning Book 83,Books,0.855628252029419
500,87,Computer Networks Book 87,Books,0.8539255857467651
500,89,Algorithms Book 89,Books,0.839017391204834
500,90,Cloud Computing Book 90,Books,0.8376462459564209
500,84,AI Fundamentals Book 84,Books,0.8191995024681091
501,50,Fitness Band 50,Sports,0.8618656992912292
501,42,Cricket Bat 42,Sports,0.8561379909515381
501,43,Badminton Racket 43,Sports,0.8508933782577515
501,45,Gym Gloves 45,Sports,0.8477770090103149
501,47,Skipping Rope 47,Sports,0.8410494327545166
502,165,Gym Gloves 165,Sports,0.8337754011154175
502,169,Adjustable Dumbbells 169,Sports,0.8186302781105042
502,170,Fitness Band 170,Sports,0.8127925395965576
502,164,Tennis Ball Set 164,Sports,0.7991427779197693
502,162,Cricket Bat 162,Sports,0.7730948328971863
503,26,Operating Systems Book 26,Books,0.8587605357170105
503,28,Java Programming Book 28,Books,0.8514243364334106
503,24,AI Fundamentals Book 24,Books,0.8504698276519775
503,30,Cloud Computing Book 30,Books,0.8490763306617737
503,23,Machine Learning Book 23,Books,0.8341853022575378
504,150,Cloud Computing Book 150,Books,0.8154003620147705
504,149,Algorithms Book 149,Books,0.8104537129402161
504,142,Data Science Book 142,Books,0.8068268299102783
504,144,AI Fundamentals Book 144,Books,0.7871522307395935
504,141,Python Programming Book 141,Books,0.7870144844055176
505,161,Football 161,Sports,0.8812702298164368
505,165,Gym Gloves 165,Sports,0.8808175325393677
505,163,Badminton Racket 163,Sports,0.8764866590499878
505,168,Sports Shoes 168,Sports,0.8637405633926392
505,169,Adjustable Dumbbells 169,Sports,0.8572912812232971
506,32,Ergonomic Office Chair 32,Home,0.898390531539917
506,31,Table Lamp 31,Home,0.8842476606369019
506,37,Decorative Cushion 37,Home,0.8812418580055237
506,40,Home Decor Set 40,Home,0.8732321262359619
506,34,Window Curtains 34,Home,0.8641133904457092
507,167,Skipping Rope 167,Sports,0.854149580001831
507,163,Badminton Racket 163,Sports,0.8388867378234863
507,161,Football 161,Sports,0.8336231112480164
507,165,Gym Gloves 165,Sports,0.8310876488685608
507,162,Cricket Bat 162,Sports,0.8289437890052795
508,198,Sunglasses 198,Fashion,0.816564679145813
508,193,Casual Jacket 193,Fashion,0.7984808683395386
508,197,Wrist Watch 197,Fashion,0.7735345959663391
508,194,Running Sneakers 194,Fashion,0.765784502029419
508,192,Slim Fit Jeans 192,Fashion,0.7635899186134338
509,165,Gym Gloves 165,Sports,0.7391771078109741
509,170,Fitness Band 170,Sports,0.7352368831634521
509,161,Football 161,Sports,0.7336567044258118
509,168,Sports Shoes 168,Sports,0.727708637714386
509,169,Adjustable Dumbbells 169,Sports,0.6817371845245361
510,142,Data Science Book 142,Books,0.8699026703834534
510,144,AI Fundamentals Book 144,Books,0.8662258982658386
510,145,Database Systems Book 145,Books,0.8612623810768127
510,150,Cloud Computing Book 150,Books,0.8531529903411865
510,149,Algorithms Book 149,Books,0.8528993725776672
511,15,Pullover Hoodie 15,Fashion,0.6595821976661682
511,13,Casual Jacket 13,Fashion,0.6355951428413391
511,12,Slim Fit Jeans 12,Fashion,0.6306160092353821
511,19,Casual Shoes 19,Fashion,0.6304018497467041
511,14,Running Sneakers 14,Fashion,0.6297100186347961
512,121,Smartphone 121,Electronics,0.7580806016921997
512,127,Mechanical Keyboard 127,Electronics,0.7042810916900635
512,126,Digital Camera 126,Electronics,0.7034793496131897
512,123,Wireless Headphones 123,Electronics,0.6998228430747986
512,128,Wireless Mouse 128,Electronics,0.6711699962615967
513,37,Decorative Cushion 37,Home,0.9299479126930237
513,33,Cotton Bed Sheet 33,Home,0.9024469256401062
513,35,Wall Clock 35,Home,0.9005616903305054
513,40,Home Decor Set 40,Home,0.8972049951553345
513,31,Table Lamp 31,Home,0.8899642825126648
514,149,Algorithms Book 149,Books,0.8577216267585754
514,146,Operating Systems Book 146,Books,0.8394685387611389
514,144,AI Fundamentals Book 144,Books,0.8309834003448486
514,148,Java Programming Book 148,Books,0.8265252113342285
514,145,Database Systems Book 145,Books,0.8257507085800171
515,30,Cloud Computing Book 30,Books,0.8928737044334412
515,27,Computer Networks Book 27,Books,0.8805541396141052
515,26,Operating Systems Book 26,Books,0.8764667510986328
515,21,Python Programming Book 21,Books,0.8600113987922668
515,24,AI Fundamentals Book 24,Books,0.8549079298973083
516,197,Wrist Watch 197,Fashion,0.9387934803962708
516,193,Casual Jacket 193,Fashion,0.9136072397232056
516,192,Slim Fit Jeans 192,Fashion,0.9073150157928467
516,196,Travel Backpack 196,Fashion,0.904133141040802
516,194,Running Sneakers 194,Fashion,0.8922427296638489
517,28,Java Programming Book 28,Books,0.9318717122077942
517,22,Data Science Book 22,Books,0.9076539278030396
517,24,AI Fundamentals Book 24,Books,0.8970211744308472
517,25,Database Systems Book 25,Books,0.8919306993484497
517,23,Machine Learning Book 23,Books,0.89039146900177
518,85,Database Systems Book 85,Books,0.7769488096237183
518,83,Machine Learning Book 83,Books,0.7557728886604309
518,87,Computer Networks Book 87,Books,0.7449854612350464
518,42,Cricket Bat 42,Sports,0.7137016654014587
518,47,Skipping Rope 47,Sports,0.7131006121635437
519,185,Tablet 185,Electronics,0.8304954767227173
519,184,Smartwatch 184,Electronics,0.8067554831504822
519,189,Computer Monitor 189,Electronics,0.7946850061416626
519,183,Wireless Headphones 183,Electronics,0.7938137054443359
519,181,Smartphone 181,Electronics,0.7814422845840454
520,104,Tennis Ball Set 104,Sports,0.8657345771789551
520,106,Yoga Mat 106,Sports,0.8510810136795044
520,101,Football 101,Sports,0.8383025527000427
520,107,Skipping Rope 107,Sports,0.8284919261932373
520,103,Badminton Racket 103,Sports,0.8278928995132446
521,197,Wrist Watch 197,Fashion,0.7253973484039307
521,198,Sunglasses 198,Fashion,0.7105806469917297
521,192,Slim Fit Jeans 192,Fashion,0.6937244534492493
521,195,Pullover Hoodie 195,Fashion,0.6918208003044128
521,196,Travel Backpack 196,Fashion,0.6862408518791199
522,99,Steel Water Bottle 99,Home,0.8795783519744873
522,96,Storage Organizer 96,Home,0.8769837021827698
522,94,Window Curtains 94,Home,0.8731933832168579
522,93,Cotton Bed Sheet 93,Home,0.8523051738739014
522,97,Decorative Cushion 97,Home,0.8510912656784058
523,165,Gym Gloves 165,Sports,0.8829261064529419
523,167,Skipping Rope 167,Sports,0.8696483969688416
523,169,Adjustable Dumbbells 169,Sports,0.8678170442581177
523,162,Cricket Bat 162,Sports,0.8625466227531433
523,170,Fitness Band 170,Sports,0.861356258392334
524,137,Wrist Watch 137,Fashion,0.8111504316329956
524,131,Cotton T-Shirt 131,Fashion,0.8058752417564392
524,135,Pullover Hoodie 135,Fashion,0.790774405002594
524,132,Slim Fit Jeans 132,Fashion,0.7881687879562378
524,136,Travel Backpack 136,Fashion,0.7839744687080383
525,37,Decorative Cushion 37,Home,0.9035876393318176
525,35,Wall Clock 35,Home,0.8687346577644348
525,40,Home Decor Set 40,Home,0.8394169807434082
525,32,Ergonomic Office Chair 32,Home,0.8346238136291504
525,33,Cotton Bed Sheet 33,Home,0.8181532621383667
526,68,Wireless Mouse 68,Electronics,0.7713620066642761
526,70,Bluetooth Speaker 70,Electronics,0.7565335631370544
526,63,Wireless Headphones 63,Electronics,0.749993085861206
526,69,Computer Monitor 69,Electronics,0.745418906211853
526,61,Smartphone 61,Electronics,0.7433362007141113
527,146,Operating Systems Book 146,Books,0.8977923393249512
527,142,Data Science Book 142,Books,0.8898874521255493
527,144,AI Fundamentals Book 144,Books,0.8672983050346375
527,149,Algorithms Book 149,Books,0.8649242520332336
527,150,Cloud Computing Book 150,Books,0.8597787618637085
528,132,Slim Fit Jeans 132,Fashion,0.8858282566070557
528,137,Wrist Watch 137,Fashion,0.8580331802368164
528,135,Pullover Hoodie 135,Fashion,0.8443030714988708
528,136,Travel Backpack 136,Fashion,0.8401721715927124
528,133,Casual Jacket 133,Fashion,0.8357915878295898
529,150,Cloud Computing Book 150,Books,0.9135662913322449
529,144,AI Fundamentals Book 144,Books,0.9131947755813599
529,146,Operating Systems Book 146,Books,0.9111005663871765
529,142,Data Science Book 142,Books,0.9064779281616211
529,141,Python Programming Book 141,Books,0.9023627042770386
530,135,Pullover Hoodie 135,Fashion,0.8472425937652588
530,137,Wrist Watch 137,Fashion,0.8432058691978455
530,136,Travel Backpack 136,Fashion,0.8216089010238647
530,140,Baseball Cap 140,Fashion,0.8151828646659851
530,131,Cotton T-Shirt 131,Fashion,0.8150997161865234
531,101,Football 101,Sports,0.7217615842819214
531,108,Sports Shoes 108,Sports,0.6721285581588745
531,106,Yoga Mat 106,Sports,0.6666196584701538
531,107,Skipping Rope 107,Sports,0.665088415145874
531,110,Fitness Band 110,Sports,0.6641638278961182
532,101,Football 101,Sports,0.8359718918800354
532,106,Yoga Mat 106,Sports,0.8355766534805298
532,104,Tennis Ball Set 104,Sports,0.8105862140655518
532,103,Badminton Racket 103,Sports,0.799448549747467
532,107,Skipping Rope 107,Sports,0.7987686991691589
533,118,Body Lotion 118,Beauty,0.7614860534667969
533,117,Hair Oil 117,Beauty,0.7517690658569336
533,116,Lip Balm 116,Beauty,0.7303481698036194
533,120,Beauty Care Kit 120,Beauty,0.72832190990448
533,112,Moisturizer 112,Beauty,0.725981593132019
534,155,Wall Clock 155,Home,0.6548756957054138
534,151,Table Lamp 151,Home,0.6476292610168457
534,154,Window Curtains 154,Home,0.6466017365455627
534,158,Desk Organizer 158,Home,0.6229405403137207
534,153,Cotton Bed Sheet 153,Home,0.621657133102417
535,26,Operating Systems Book 26,Books,0.8674633502960205
535,30,Cloud Computing Book 30,Books,0.8380423188209534
535,28,Java Programming Book 28,Books,0.8344103097915649
535,24,AI Fundamentals Book 24,Books,0.8280082941055298
535,29,Algorithms Book 29,Books,0.8258336782455444
536,37,Decorative Cushion 37,Home,0.8454717397689819
536,35,Wall Clock 35,Home,0.8411120176315308
536,32,Ergonomic Office Chair 32,Home,0.8401206731796265
536,31,Table Lamp 31,Home,0.8347069025039673
536,34,Window Curtains 34,Home,0.832371175289154
537,46,Yoga Mat 46,Sports,0.8655779361724854
537,42,Cricket Bat 42,Sports,0.8643685579299927
537,47,Skipping Rope 47,Sports,0.862492561340332
537,48,Sports Shoes 48,Sports,0.8609732985496521
537,50,Fitness Band 50,Sports,0.8584845662117004
538,17,Wrist Watch 17,Fashion,0.7948763370513916
538,14,Running Sneakers 14,Fashion,0.7771446704864502
538,11,Cotton T-Shirt 11,Fashion,0.7563124299049377
538,13,Casual Jacket 13,Fashion,0.7429053783416748
538,18,Sunglasses 18,Fashion,0.7423756122589111
539,175,Sunscreen 175,Beauty,0.5583864450454712
539,179,Face Cream 179,Beauty,0.5540328025817871
539,180,Beauty Care Kit 180,Beauty,0.5339760780334473
539,172,Moisturizer 172,Beauty,0.5281290411949158
539,176,Lip Balm 176,Beauty,0.5249903798103333
540,37,Decorative Cushion 37,Home,0.8635580539703369
540,31,Table Lamp 31,Home,0.8468153476715088
540,33,Cotton Bed Sheet 33,Home,0.8391835689544678
540,40,Home Decor Set 40,Home,0.8388811945915222
540,34,Window Curtains 34,Home,0.8359550833702087
541,118,Body Lotion 118,Beauty,0.8002332448959351
541,120,Beauty Care Kit 120,Beauty,0.7980259656906128
541,117,Hair Oil 117,Beauty,0.797002911567688
541,112,Moisturizer 112,Beauty,0.7895915508270264
541,116,Lip Balm 116,Beauty,0.7865989804267883
542,17,Wrist Watch 17,Fashion,0.8809015154838562
542,19,Casual Shoes 19,Fashion,0.8784734606742859
542,11,Cotton T-Shirt 11,Fashion,0.8741827607154846
542,12,Slim Fit Jeans 12,Fashion,0.8607810735702515
542,16,Travel Backpack 16,Fashion,0.8533608913421631
543,198,Sunglasses 198,Fashion,0.7764775156974792
543,194,Running Sneakers 194,Fashion,0.7273178100585938
543,191,Cotton T-Shirt 191,Fashion,0.7262628674507141
543,199,Casual Shoes 199,Fashion,0.700492799282074
543,192,Slim Fit Jeans 192,Fashion,0.6987167000770569
544,114,Perfume 114,Beauty,0.8883261680603027
544,113,Shampoo 113,Beauty,0.8679719567298889
544,115,Sunscreen 115,Beauty,0.8479292988777161
544,112,Moisturizer 112,Beauty,0.8443298935890198
544,111,Face Wash 111,Beauty,0.8377914428710938
545,183,Wireless Headphones 183,Electronics,0.7727965712547302
545,181,Smartphone 181,Electronics,0.7680439352989197
545,186,Digital Camera 186,Electronics,0.7680319547653198
545,182,Laptop 182,Electronics,0.764891505241394
545,188,Wireless Mouse 188,Electronics,0.7531694769859314
546,42,Cricket Bat 42,Sports,0.7533994913101196
546,45,Gym Gloves 45,Sports,0.7485670447349548
546,70,Bluetooth Speaker 70,Electronics,0.7359135746955872
546,69,Computer Monitor 69,Electronics,0.7279159426689148
546,49,Adjustable Dumbbells 49,Sports,0.7172071933746338
547,151,Table Lamp 151,Home,0.8191611766815186
547,155,Wall Clock 155,Home,0.8031562566757202
547,154,Window Curtains 154,Home,0.7989587783813477
547,79,Casual Shoes 79,Fashion,0.7960060834884644
547,153,Cotton Bed Sheet 153,Home,0.792381227016449
548,37,Decorative Cushion 37,Home,0.9102596640586853
548,32,Ergonomic Office Chair 32,Home,0.8978245854377747
548,31,Table Lamp 31,Home,0.8953754901885986
548,35,Wall Clock 35,Home,0.8901287317276001
548,34,Window Curtains 34,Home,0.8586294651031494
549,180,Beauty Care Kit 180,Beauty,0.909887433052063
549,175,Sunscreen 175,Beauty,0.90659499168396
549,179,Face Cream 179,Beauty,0.9034334421157837
549,178,Body Lotion 178,Beauty,0.898047685623169
549,176,Lip Balm 176,Beauty,0.8973166346549988
550,37,Decorative Cushion 37,Home,0.9193994998931885
550,35,Wall Clock 35,Home,0.9085994362831116
550,40,Home Decor Set 40,Home,0.8993608355522156
550,33,Cotton Bed Sheet 33,Home,0.8882333040237427
550,34,Window Curtains 34,Home,0.8724604249000549
551,188,Wireless Mouse 188,Electronics,0.8767181634902954
551,183,Wireless Headphones 183,Electronics,0.8388374447822571
551,184,Smartwatch 184,Electronics,0.8296449780464172
551,187,Mechanical Keyboard 187,Electronics,0.8286361694335938
551,75,Pullover Hoodie 75,Fashion,0.8258258104324341
552,137,Wrist Watch 137,Fashion,0.8649429678916931
552,135,Pullover Hoodie 135,Fashion,0.8367122411727905
552,132,Slim Fit Jeans 132,Fashion,0.832341194152832
552,131,Cotton T-Shirt 131,Fashion,0.8225048780441284
552,133,Casual Jacket 133,Fashion,0.8216984272003174
553,198,Sunglasses 198,Fashion,0.902896523475647
553,194,Running Sneakers 194,Fashion,0.8823655247688293
553,197,Wrist Watch 197,Fashion,0.8764528632164001
553,195,Pullover Hoodie 195,Fashion,0.8587794303894043
553,192,Slim Fit Jeans 192,Fashion,0.8555219769477844
554,8,Wireless Mouse 8,Electronics,0.8847038745880127
554,2,Laptop 2,Electronics,0.8727279305458069
554,5,Tablet 5,Electronics,0.8722075819969177
554,3,Wireless Headphones 3,Electronics,0.8473048210144043
554,10,Bluetooth Speaker 10,Electronics,0.8421393036842346
555,83,Machine Learning Book 83,Books,0.8502787351608276
555,87,Computer Networks Book 87,Books,0.8457497954368591
555,89,Algorithms Book 89,Books,0.8322069048881531
555,85,Database Systems Book 85,Books,0.8147307634353638
555,84,AI Fundamentals Book 84,Books,0.8048299551010132
556,58,Body Lotion 58,Beauty,0.8606473803520203
556,54,Perfume 54,Beauty,0.8558361530303955
556,57,Hair Oil 57,Beauty,0.8522446751594543
556,53,Shampoo 53,Beauty,0.8408322930335999
556,56,Lip Balm 56,Beauty,0.8350610733032227
557,96,Storage Organizer 96,Home,0.9466163516044617
557,99,Steel Water Bottle 99,Home,0.9319565892219543
557,97,Decorative Cushion 97,Home,0.9288990497589111
557,94,Window Curtains 94,Home,0.9202272295951843
557,91,Table Lamp 91,Home,0.880962610244751
558,118,Body Lotion 118,Beauty,0.6799983978271484
558,112,Moisturizer 112,Beauty,0.6623378992080688
558,117,Hair Oil 117,Beauty,0.6585710048675537
558,113,Shampoo 113,Beauty,0.6474769115447998
558,116,Lip Balm 116,Beauty,0.6405337452888489
559,58,Body Lotion 58,Beauty,0.8702934384346008
559,56,Lip Balm 56,Beauty,0.869720458984375
559,54,Perfume 54,Beauty,0.8587507009506226
559,52,Moisturizer 52,Beauty,0.8582969307899475
559,60,Beauty Care Kit 60,Beauty,0.8517064452171326
560,188,Wireless Mouse 188,Electronics,0.918117880821228
560,181,Smartphone 181,Electronics,0.9153870940208435
560,184,Smartwatch 184,Electronics,0.9125787019729614
560,183,Wireless Headphones 183,Electronics,0.9066767692565918
560,182,Laptop 182,Electronics,0.9025919437408447
561,28,Java Programming Book 28,Books,0.871990978717804
561,24,AI Fundamentals Book 24,Books,0.8693390488624573
561,25,Database Systems Book 25,Books,0.8590183854103088
561,23,Machine Learning Book 23,Books,0.8524596095085144
561,30,Cloud Computing Book 30,Books,0.8523277640342712
562,10,Bluetooth Speaker 10,Electronics,0.8409595489501953
562,2,Laptop 2,Electronics,0.8295501470565796
562,8,Wireless Mouse 8,Electronics,0.8284296989440918
562,5,Tablet 5,Electronics,0.8205317258834839
562,1,Smartphone 1,Electronics,0.8071094751358032
563,169,Adjustable Dumbbells 169,Sports,0.8452244997024536
563,170,Fitness Band 170,Sports,0.840625524520874
563,165,Gym Gloves 165,Sports,0.8225823640823364
563,163,Badminton Racket 163,Sports,0.8017393350601196
563,168,Sports Shoes 168,Sports,0.7994319200515747
564,121,Smartphone 121,Electronics,0.771872341632843
564,127,Mechanical Keyboard 127,Electronics,0.7344772219657898
564,126,Digital Camera 126,Electronics,0.7214049696922302
564,128,Wireless Mouse 128,Electronics,0.7077800035476685
564,122,Laptop 122,Electronics,0.6969941258430481
565,142,Data Science Book 142,Books,0.8484030365943909
565,150,Cloud Computing Book 150,Books,0.8413808941841125
565,149,Algorithms Book 149,Books,0.8326467275619507
565,141,Python Programming Book 141,Books,0.8168448805809021
565,144,AI Fundamentals Book 144,Books,0.812487006187439
566,59,Face Cream 59,Beauty,0.8906064629554749
566,54,Perfume 54,Beauty,0.8904433250427246
566,53,Shampoo 53,Beauty,0.8808005452156067
566,52,Moisturizer 52,Beauty,0.8771716356277466
566,58,Body Lotion 58,Beauty,0.8644120693206787
567,96,Storage Organizer 96,Home,0.8856009244918823
567,94,Window Curtains 94,Home,0.8847424983978271
567,99,Steel Water Bottle 99,Home,0.8802034854888916
567,91,Table Lamp 91,Home,0.8578073978424072
567,97,Decorative Cushion 97,Home,0.854671835899353
568,185,Tablet 185,Electronics,0.7356550097465515
568,197,Wrist Watch 197,Fashion,0.7306298613548279
568,189,Computer Monitor 189,Electronics,0.718140184879303
568,184,Smartwatch 184,Electronics,0.7034239172935486
568,192,Slim Fit Jeans 192,Fashion,0.699683427810669
569,30,Cloud Computing Book 30,Books,0.8560203909873962
569,25,Database Systems Book 25,Books,0.8422725200653076
569,24,AI Fundamentals Book 24,Books,0.8412526845932007
569,22,Data Science Book 22,Books,0.839540958404541
569,23,Machine Learning Book 23,Books,0.834807276725769
570,45,Gym Gloves 45,Sports,0.8461340069770813
570,42,Cricket Bat 42,Sports,0.8430088758468628
570,43,Badminton Racket 43,Sports,0.8364254236221313
570,50,Fitness Band 50,Sports,0.8271142244338989
570,47,Skipping Rope 47,Sports,0.8130931258201599
571,197,Wrist Watch 197,Fashion,0.8589137196540833
571,193,Casual Jacket 193,Fashion,0.8392865657806396
571,198,Sunglasses 198,Fashion,0.8250002861022949
571,192,Slim Fit Jeans 192,Fashion,0.8205356597900391
571,194,Running Sneakers 194,Fashion,0.8188508749008179
572,28,Java Programming Book 28,Books,0.922228991985321
572,30,Cloud Computing Book 30,Books,0.910878598690033
572,24,AI Fundamentals Book 24,Books,0.9107672572135925
572,25,Database Systems Book 25,Books,0.9098629951477051
572,23,Machine Learning Book 23,Books,0.9033417105674744
573,149,Algorithms Book 149,Books,0.895617663860321
573,148,Java Programming Book 148,Books,0.8934711813926697
573,146,Operating Systems Book 146,Books,0.889720618724823
573,141,Python Programming Book 141,Books,0.8836895227432251
573,145,Database Systems Book 145,Books,0.8766604661941528
574,157,Decorative Cushion 157,Home,0.8596174716949463
574,154,Window Curtains 154,Home,0.8486791253089905
574,151,Table Lamp 151,Home,0.8434906005859375
574,152,Ergonomic Office Chair 152,Home,0.8337097764015198
574,158,Desk Organizer 158,Home,0.8151211142539978
575,149,Algorithms Book 149,Books,0.9145317077636719
575,146,Operating Systems Book 146,Books,0.9040528535842896
575,141,Python Programming Book 141,Books,0.8987544775009155
575,148,Java Programming Book 148,Books,0.891889750957489
575,144,AI Fundamentals Book 144,Books,0.8849617838859558
576,87,Computer Networks Book 87,Books,0.8933426141738892
576,86,Operating Systems Book 86,Books,0.8892329335212708
576,83,Machine Learning Book 83,Books,0.8721797466278076
576,90,Cloud Computing Book 90,Books,0.8707647919654846
576,84,AI Fundamentals Book 84,Books,0.8671364188194275
577,165,Gym Gloves 165,Sports,0.8832613825798035
577,169,Adjustable Dumbbells 169,Sports,0.8614994287490845
577,170,Fitness Band 170,Sports,0.8565235733985901
577,164,Tennis Ball Set 164,Sports,0.8432505130767822
577,162,Cricket Bat 162,Sports,0.8257085084915161
578,118,Body Lotion 118,Beauty,0.8832293748855591
578,112,Moisturizer 112,Beauty,0.8700320720672607
578,119,Face Cream 119,Beauty,0.8672215938568115
578,120,Beauty Care Kit 120,Beauty,0.8612107634544373
578,116,Lip Balm 116,Beauty,0.859807550907135
579,37,Decorative Cushion 37,Home,0.8975473642349243
579,31,Table Lamp 31,Home,0.879331111907959
579,35,Wall Clock 35,Home,0.8748460412025452
579,32,Ergonomic Office Chair 32,Home,0.8731247186660767
579,40,Home Decor Set 40,Home,0.8697227239608765
580,183,Wireless Headphones 183,Electronics,0.8568519949913025
580,189,Computer Monitor 189,Electronics,0.8399290442466736
580,185,Tablet 185,Electronics,0.8383318781852722
580,186,Digital Camera 186,Electronics,0.8357639312744141
580,182,Laptop 182,Electronics,0.8319819569587708
581,170,Fitness Band 170,Sports,0.8609683513641357
581,165,Gym Gloves 165,Sports,0.8422048091888428
581,168,Sports Shoes 168,Sports,0.8335847854614258
581,169,Adjustable Dumbbells 169,Sports,0.8194074034690857
581,161,Football 161,Sports,0.8093255162239075
582,17,Wrist Watch 17,Fashion,0.8277064561843872
582,14,Running Sneakers 14,Fashion,0.8259783387184143
582,16,Travel Backpack 16,Fashion,0.807064414024353
582,13,Casual Jacket 13,Fashion,0.7818728089332581
582,11,Cotton T-Shirt 11,Fashion,0.7800428867340088
583,125,Tablet 125,Electronics,0.8741316199302673
583,122,Laptop 122,Electronics,0.8695099353790283
583,128,Wireless Mouse 128,Electronics,0.8481723070144653
583,127,Mechanical Keyboard 127,Electronics,0.8426712155342102
583,130,Bluetooth Speaker 130,Electronics,0.8408227562904358
584,11,Cotton T-Shirt 11,Fashion,0.839024007320404
584,17,Wrist Watch 17,Fashion,0.837889552116394
584,19,Casual Shoes 19,Fashion,0.8346477150917053
584,12,Slim Fit Jeans 12,Fashion,0.8200823068618774
584,15,Pullover Hoodie 15,Fashion,0.8187583684921265
585,69,Computer Monitor 69,Electronics,0.8802762031555176
585,63,Wireless Headphones 63,Electronics,0.8427768349647522
585,65,Tablet 65,Electronics,0.8307762145996094
585,64,Smartwatch 64,Electronics,0.8225080966949463
585,61,Smartphone 61,Electronics,0.816957414150238
586,69,Computer Monitor 69,Electronics,0.8679860830307007
586,66,Digital Camera 66,Electronics,0.8297724723815918
586,70,Bluetooth Speaker 70,Electronics,0.8291600346565247
586,68,Wireless Mouse 68,Electronics,0.8183110356330872
586,65,Tablet 65,Electronics,0.8075013160705566
587,87,Computer Networks Book 87,Books,0.7307144403457642
587,83,Machine Learning Book 83,Books,0.7110986113548279
587,86,Operating Systems Book 86,Books,0.7057797908782959
587,90,Cloud Computing Book 90,Books,0.7036104202270508
587,84,AI Fundamentals Book 84,Books,0.6915408968925476
588,106,Yoga Mat 106,Sports,0.8936173319816589
588,107,Skipping Rope 107,Sports,0.8788739442825317
588,103,Badminton Racket 103,Sports,0.8734658360481262
588,104,Tennis Ball Set 104,Sports,0.8653930425643921
588,109,Adjustable Dumbbells 109,Sports,0.8642235994338989
589,8,Wireless Mouse 8,Electronics,0.9372410774230957
589,2,Laptop 2,Electronics,0.9239356517791748
589,3,Wireless Headphones 3,Electronics,0.9153392314910889
589,5,Tablet 5,Electronics,0.8758558034896851
589,10,Bluetooth Speaker 10,Electronics,0.8681303262710571
590,132,Slim Fit Jeans 132,Fashion,0.8447093367576599
590,137,Wrist Watch 137,Fashion,0.8139267563819885
590,138,Sunglasses 138,Fashion,0.7939769625663757
590,133,Casual Jacket 133,Fashion,0.7912080883979797
590,131,Cotton T-Shirt 131,Fashion,0.7899229526519775
591,42,Cricket Bat 42,Sports,0.893791913986206
591,47,Skipping Rope 47,Sports,0.8930986523628235
591,50,Fitness Band 50,Sports,0.8788411021232605
591,43,Badminton Racket 43,Sports,0.8728827834129333
591,48,Sports Shoes 48,Sports,0.8567711710929871
592,175,Sunscreen 175,Beauty,0.763847827911377
592,178,Body Lotion 178,Beauty,0.7347283959388733
592,180,Beauty Care Kit 180,Beauty,0.7309367060661316
592,174,Perfume 174,Beauty,0.7272244691848755
592,176,Lip Balm 176,Beauty,0.7259591221809387
593,165,Gym Gloves 165,Sports,0.9481721520423889
593,164,Tennis Ball Set 164,Sports,0.9258078932762146
593,161,Football 161,Sports,0.922541081905365
593,162,Cricket Bat 162,Sports,0.9045246243476868
593,170,Fitness Band 170,Sports,0.897696316242218
594,115,Sunscreen 115,Beauty,0.8457525372505188
594,112,Moisturizer 112,Beauty,0.8351150751113892
594,120,Beauty Care Kit 120,Beauty,0.8347246646881104
594,118,Body Lotion 118,Beauty,0.8076270222663879
594,113,Shampoo 113,Beauty,0.8028712272644043
595,125,Tablet 125,Electronics,0.9072176814079285
595,127,Mechanical Keyboard 127,Electronics,0.8792473673820496
595,130,Bluetooth Speaker 130,Electronics,0.8776148557662964
595,126,Digital Camera 126,Electronics,0.8750450015068054
595,121,Smartphone 121,Electronics,0.8697177767753601
596,137,Wrist Watch 137,Fashion,0.7289011478424072
596,135,Pullover Hoodie 135,Fashion,0.6914539337158203
596,132,Slim Fit Jeans 132,Fashion,0.6870718002319336
596,3,Wireless Headphones 3,Electronics,0.6864890456199646
596,134,Running Sneakers 134,Fashion,0.6851980686187744
597,149,Algorithms Book 149,Books,0.8323113322257996
597,146,Operating Systems Book 146,Books,0.8199722766876221
597,148,Java Programming Book 148,Books,0.8093459606170654
597,144,AI Fundamentals Book 144,Books,0.8005138635635376
597,145,Database Systems Book 145,Books,0.7985547780990601
598,105,Gym Gloves 105,Sports,0.8711572885513306
598,107,Skipping Rope 107,Sports,0.8388959169387817
598,109,Adjustable Dumbbells 109,Sports,0.8378320932388306
598,104,Tennis Ball Set 104,Sports,0.8237552642822266
598,103,Badminton Racket 103,Sports,0.8148564100265503
599,131,Cotton T-Shirt 131,Fashion,0.8688840270042419
599,137,Wrist Watch 137,Fashion,0.8682798743247986
599,135,Pullover Hoodie 135,Fashion,0.8656834959983826
599,133,Casual Jacket 133,Fashion,0.8414304256439209
599,132,Slim Fit Jeans 132,Fashion,0.8368850350379944
600,121,Smartphone 121,Electronics,0.7792884111404419
600,127,Mechanical Keyboard 127,Electronics,0.7737216353416443
600,126,Digital Camera 126,Electronics,0.7652016282081604
600,122,Laptop 122,Electronics,0.7465975880622864
600,125,Tablet 125,Electronics,0.7464766502380371
601,99,Steel Water Bottle 99,Home,0.9207428097724915
601,97,Decorative Cushion 97,Home,0.9200752973556519
601,96,Storage Organizer 96,Home,0.9187976717948914
601,94,Window Curtains 94,Home,0.9017748236656189
601,95,Wall Clock 95,Home,0.89775550365448
602,121,Smartphone 121,Electronics,0.8640129566192627
602,125,Tablet 125,Electronics,0.8498105406761169
602,128,Wireless Mouse 128,Electronics,0.8356285095214844
602,127,Mechanical Keyboard 127,Electronics,0.8328647017478943
602,123,Wireless Headphones 123,Electronics,0.8317144513130188
603,106,Yoga Mat 106,Sports,0.9057070016860962
603,101,Football 101,Sports,0.8971900939941406
603,104,Tennis Ball Set 104,Sports,0.8910199999809265
603,107,Skipping Rope 107,Sports,0.8908630609512329
603,103,Badminton Racket 103,Sports,0.8838022947311401
604,197,Wrist Watch 197,Fashion,0.8229827880859375
604,196,Travel Backpack 196,Fashion,0.7850264310836792
604,194,Running Sneakers 194,Fashion,0.7818450927734375
604,193,Casual Jacket 193,Fashion,0.7804955244064331
604,192,Slim Fit Jeans 192,Fashion,0.7737569808959961
605,115,Sunscreen 115,Beauty,0.7773611545562744
605,120,Beauty Care Kit 120,Beauty,0.7577241063117981
605,112,Moisturizer 112,Beauty,0.7427381873130798
605,119,Face Cream 119,Beauty,0.7404804229736328
605,118,Body Lotion 118,Beauty,0.7364509105682373
606,137,Wrist Watch 137,Fashion,0.6729542016983032
606,131,Cotton T-Shirt 131,Fashion,0.6631408929824829
606,136,Travel Backpack 136,Fashion,0.6612112522125244
606,140,Baseball Cap 140,Fashion,0.6552963256835938
606,135,Pullover Hoodie 135,Fashion,0.6477052569389343
607,75,Pullover Hoodie 75,Fashion,0.8872161507606506
607,71,Cotton T-Shirt 71,Fashion,0.8752562403678894
607,78,Sunglasses 78,Fashion,0.8731064200401306
607,77,Wrist Watch 77,Fashion,0.8695799708366394
607,79,Casual Shoes 79,Fashion,0.8584050536155701
608,188,Wireless Mouse 188,Electronics,0.8957754969596863
608,181,Smartphone 181,Electronics,0.8806884288787842
608,186,Digital Camera 186,Electronics,0.879524290561676
608,189,Computer Monitor 189,Electronics,0.8789018392562866
608,182,Laptop 182,Electronics,0.8751208186149597
609,167,Skipping Rope 167,Sports,0.8969794511795044
609,161,Football 161,Sports,0.8925439715385437
609,168,Sports Shoes 168,Sports,0.8902037143707275
609,170,Fitness Band 170,Sports,0.8809555172920227
609,162,Cricket Bat 162,Sports,0.877842903137207
610,121,Smartphone 121,Electronics,0.865254282951355
610,126,Digital Camera 126,Electronics,0.8497766852378845
610,125,Tablet 125,Electronics,0.8389624357223511
610,127,Mechanical Keyboard 127,Electronics,0.8333590030670166
610,129,Computer Monitor 129,Electronics,0.8238791823387146
611,101,Football 101,Sports,0.8962597846984863
611,106,Yoga Mat 106,Sports,0.8871954679489136
611,109,Adjustable Dumbbells 109,Sports,0.8817340135574341
611,103,Badminton Racket 103,Sports,0.8779370784759521
611,104,Tennis Ball Set 104,Sports,0.875983476638794
612,101,Football 101,Sports,0.9747451543807983
612,107,Skipping Rope 107,Sports,0.9353522062301636
612,102,Cricket Bat 102,Sports,0.9241595268249512
612,106,Yoga Mat 106,Sports,0.9238702654838562
612,104,Tennis Ball Set 104,Sports,0.9159138202667236
613,28,Java Programming Book 28,Books,0.8708903789520264
613,23,Machine Learning Book 23,Books,0.8667104840278625
613,30,Cloud Computing Book 30,Books,0.8602704405784607
613,22,Data Science Book 22,Books,0.8569637537002563
613,26,Operating Systems Book 26,Books,0.8546682596206665
614,37,Decorative Cushion 37,Home,0.8899236917495728
614,35,Wall Clock 35,Home,0.8695148229598999
614,40,Home Decor Set 40,Home,0.8495184779167175
614,32,Ergonomic Office Chair 32,Home,0.8429420590400696
614,31,Table Lamp 31,Home,0.8409250974655151
615,170,Fitness Band 170,Sports,0.8917369246482849
615,169,Adjustable Dumbbells 169,Sports,0.8820196390151978
615,165,Gym Gloves 165,Sports,0.8706079721450806
615,168,Sports Shoes 168,Sports,0.8668642640113831
615,161,Football 161,Sports,0.8651739954948425
616,118,Body Lotion 118,Beauty,0.7601404786109924
616,117,Hair Oil 117,Beauty,0.7475427389144897
616,120,Beauty Care Kit 120,Beauty,0.7351119518280029
616,112,Moisturizer 112,Beauty,0.7329662442207336
616,116,Lip Balm 116,Beauty,0.7314574718475342
617,78,Sunglasses 78,Fashion,0.8911155462265015
617,72,Slim Fit Jeans 72,Fashion,0.8900783658027649
617,79,Casual Shoes 79,Fashion,0.8787304759025574
617,74,Running Sneakers 74,Fashion,0.866154134273529
617,76,Travel Backpack 76,Fashion,0.8597257137298584
618,47,Skipping Rope 47,Sports,0.8813119530677795
618,45,Gym Gloves 45,Sports,0.8810233473777771
618,42,Cricket Bat 42,Sports,0.8804154396057129
618,43,Badminton Racket 43,Sports,0.8756824731826782
618,46,Yoga Mat 46,Sports,0.8722618222236633
619,69,Computer Monitor 69,Electronics,0.770036518573761
619,70,Bluetooth Speaker 70,Electronics,0.765505313873291
619,67,Mechanical Keyboard 67,Electronics,0.7534206509590149
619,58,Body Lotion 58,Beauty,0.7522976994514465
619,53,Shampoo 53,Beauty,0.7477129101753235
620,197,Wrist Watch 197,Fashion,0.87762051820755
620,196,Travel Backpack 196,Fashion,0.8570255041122437
620,195,Pullover Hoodie 195,Fashion,0.856697678565979
620,192,Slim Fit Jeans 192,Fashion,0.8533734679222107
620,193,Casual Jacket 193,Fashion,0.8530051112174988
621,26,Operating Systems Book 26,Books,0.7572826743125916
621,30,Cloud Computing Book 30,Books,0.7553763389587402
621,28,Java Programming Book 28,Books,0.7464558482170105
621,27,Computer Networks Book 27,Books,0.7409547567367554
621,29,Algorithms Book 29,Books,0.7409095764160156
622,141,Python Programming Book 141,Books,0.7076035141944885
622,146,Operating Systems Book 146,Books,0.7011641263961792
622,148,Java Programming Book 148,Books,0.688701331615448
622,143,Machine Learning Book 143,Books,0.6830222606658936
622,150,Cloud Computing Book 150,Books,0.6818872690200806
623,188,Wireless Mouse 188,Electronics,0.8529782891273499
623,184,Smartwatch 184,Electronics,0.847673773765564
623,183,Wireless Headphones 183,Electronics,0.8353400826454163
623,181,Smartphone 181,Electronics,0.8242136240005493
623,182,Laptop 182,Electronics,0.8164259791374207
624,185,Tablet 185,Electronics,0.8004893064498901
624,184,Smartwatch 184,Electronics,0.7964299321174622
624,189,Computer Monitor 189,Electronics,0.788794755935669
624,183,Wireless Headphones 183,Electronics,0.7856460213661194
624,187,Mechanical Keyboard 187,Electronics,0.775209903717041
625,104,Tennis Ball Set 104,Sports,0.8756681680679321
625,106,Yoga Mat 106,Sports,0.8667126893997192
625,101,Football 101,Sports,0.8595988154411316
625,102,Cricket Bat 102,Sports,0.8549674153327942
625,107,Skipping Rope 107,Sports,0.8385336399078369
626,146,Operating Systems Book 146,Books,0.8768107891082764
626,149,Algorithms Book 149,Books,0.8575425744056702
626,148,Java Programming Book 148,Books,0.8510710000991821
626,144,AI Fundamentals Book 144,Books,0.8479838371276855
626,141,Python Programming Book 141,Books,0.834141731262207
627,151,Table Lamp 151,Home,0.9399815797805786
627,154,Window Curtains 154,Home,0.8983999490737915
627,155,Wall Clock 155,Home,0.8941909670829773
627,159,Steel Water Bottle 159,Home,0.8886935710906982
627,153,Cotton Bed Sheet 153,Home,0.8839664459228516
628,99,Steel Water Bottle 99,Home,0.851514995098114
628,94,Window Curtains 94,Home,0.8059408664703369
628,100,Home Decor Set 100,Home,0.7974884510040283
628,92,Ergonomic Office Chair 92,Home,0.7918720245361328
628,96,Storage Organizer 96,Home,0.7824430465698242
629,181,Smartphone 181,Electronics,0.759369432926178
629,184,Smartwatch 184,Electronics,0.757574200630188
629,182,Laptop 182,Electronics,0.7569013237953186
629,183,Wireless Headphones 183,Electronics,0.7444204092025757
629,188,Wireless Mouse 188,Electronics,0.7419585585594177
630,112,Moisturizer 112,Beauty,0.8465250134468079
630,118,Body Lotion 118,Beauty,0.8379516005516052
630,114,Perfume 114,Beauty,0.8378347754478455
630,113,Shampoo 113,Beauty,0.8201908469200134
630,111,Face Wash 111,Beauty,0.8098965883255005
631,30,Cloud Computing Book 30,Books,0.8752561807632446
631,24,AI Fundamentals Book 24,Books,0.8712387681007385
631,26,Operating Systems Book 26,Books,0.8600441217422485
631,21,Python Programming Book 21,Books,0.8551940321922302
631,25,Database Systems Book 25,Books,0.8533451557159424
632,142,Data Science Book 142,Books,0.8843284249305725
632,149,Algorithms Book 149,Books,0.8632694482803345
632,150,Cloud Computing Book 150,Books,0.8586298227310181
632,145,Database Systems Book 145,Books,0.8538411259651184
632,147,Computer Networks Book 147,Books,0.8477816581726074
633,17,Wrist Watch 17,Fashion,0.8664625883102417
633,11,Cotton T-Shirt 11,Fashion,0.8619953393936157
633,19,Casual Shoes 19,Fashion,0.8529113531112671
633,18,Sunglasses 18,Fashion,0.8527131080627441
633,12,Slim Fit Jeans 12,Fashion,0.8514195680618286
634,93,Cotton Bed Sheet 93,Home,0.9394270777702332
634,97,Decorative Cushion 97,Home,0.9349631667137146
634,99,Steel Water Bottle 99,Home,0.9346334934234619
634,95,Wall Clock 95,Home,0.9305878281593323
634,94,Window Curtains 94,Home,0.9281232953071594
635,28,Java Programming Book 28,Books,0.8442808389663696
635,30,Cloud Computing Book 30,Books,0.8437120914459229
635,26,Operating Systems Book 26,Books,0.8351302146911621
635,21,Python Programming Book 21,Books,0.832094669342041
635,24,AI Fundamentals Book 24,Books,0.8271946310997009
636,197,Wrist Watch 197,Fashion,0.8682215213775635
636,198,Sunglasses 198,Fashion,0.8667327165603638
636,192,Slim Fit Jeans 192,Fashion,0.8379430174827576
636,194,Running Sneakers 194,Fashion,0.835849404335022
636,195,Pullover Hoodie 195,Fashion,0.8334477543830872
637,125,Tablet 125,Electronics,0.9662068486213684
637,121,Smartphone 121,Electronics,0.9218190312385559
637,127,Mechanical Keyboard 127,Electronics,0.9155030250549316
637,123,Wireless Headphones 123,Electronics,0.914731502532959
637,130,Bluetooth Speaker 130,Electronics,0.9026062488555908
638,185,Tablet 185,Electronics,0.770142674446106
638,183,Wireless Headphones 183,Electronics,0.7596448063850403
638,189,Computer Monitor 189,Electronics,0.7558280229568481
638,182,Laptop 182,Electronics,0.7476764917373657
638,184,Smartwatch 184,Electronics,0.7394275665283203
639,15,Pullover Hoodie 15,Fashion,0.890543520450592
639,12,Slim Fit Jeans 12,Fashion,0.8442856073379517
639,16,Travel Backpack 16,Fashion,0.837443470954895
639,13,Casual Jacket 13,Fashion,0.8358652591705322
639,19,Casual Shoes 19,Fashion,0.8319117426872253
640,183,Wireless Headphones 183,Electronics,0.834113359451294
640,182,Laptop 182,Electronics,0.8115535974502563
640,186,Digital Camera 186,Electronics,0.7959768176078796
640,181,Smartphone 181,Electronics,0.7923436164855957
640,188,Wireless Mouse 188,Electronics,0.7822380065917969
641,106,Yoga Mat 106,Sports,0.9316911101341248
641,104,Tennis Ball Set 104,Sports,0.9079751968383789
641,103,Badminton Racket 103,Sports,0.9070523381233215
641,101,Football 101,Sports,0.902434229850769
641,108,Sports Shoes 108,Sports,0.8928319215774536
642,154,Window Curtains 154,Home,0.896215558052063
642,152,Ergonomic Office Chair 152,Home,0.8785911798477173
642,151,Table Lamp 151,Home,0.8766589164733887
642,155,Wall Clock 155,Home,0.8743467330932617
642,159,Steel Water Bottle 159,Home,0.8667095899581909
643,50,Fitness Band 50,Sports,0.9173017740249634
643,46,Yoga Mat 46,Sports,0.9149504899978638
643,47,Skipping Rope 47,Sports,0.902933657169342
643,42,Cricket Bat 42,Sports,0.9025987982749939
643,43,Badminton Racket 43,Sports,0.8974753618240356
644,150,Cloud Computing Book 150,Books,0.8992375135421753
644,149,Algorithms Book 149,Books,0.8888958692550659
644,141,Python Programming Book 141,Books,0.8696629405021667
644,142,Data Science Book 142,Books,0.8602208495140076
644,146,Operating Systems Book 146,Books,0.8559521436691284
645,106,Yoga Mat 106,Sports,0.8360782861709595
645,101,Football 101,Sports,0.8324064016342163
645,104,Tennis Ball Set 104,Sports,0.8317792415618896
645,108,Sports Shoes 108,Sports,0.8281782865524292
645,103,Badminton Racket 103,Sports,0.8188382387161255
646,169,Adjustable Dumbbells 169,Sports,0.8557976484298706
646,170,Fitness Band 170,Sports,0.8474631309509277
646,162,Cricket Bat 162,Sports,0.8403251767158508
646,168,Sports Shoes 168,Sports,0.8344248533248901
646,163,Badminton Racket 163,Sports,0.8161978721618652
647,14,Running Sneakers 14,Fashion,0.7558655142784119
647,16,Travel Backpack 16,Fashion,0.7490046620368958
647,71,Cotton T-Shirt 71,Fashion,0.745202362537384
647,17,Wrist Watch 17,Fashion,0.7313789129257202
647,77,Wrist Watch 77,Fashion,0.7265723943710327
648,149,Algorithms Book 149,Books,0.916016697883606
648,142,Data Science Book 142,Books,0.8940768241882324
648,150,Cloud Computing Book 150,Books,0.8932249546051025
648,146,Operating Systems Book 146,Books,0.8930656313896179
648,144,AI Fundamentals Book 144,Books,0.8915810585021973
649,165,Gym Gloves 165,Sports,0.889146625995636
649,162,Cricket Bat 162,Sports,0.8660059571266174
649,169,Adjustable Dumbbells 169,Sports,0.8587607741355896
649,163,Badminton Racket 163,Sports,0.8538103103637695
649,166,Yoga Mat 166,Sports,0.848665714263916
650,59,Face Cream 59,Beauty,0.8588861227035522
650,54,Perfume 54,Beauty,0.8411341905593872
650,52,Moisturizer 52,Beauty,0.8359557390213013
650,53,Shampoo 53,Beauty,0.8347796201705933
650,57,Hair Oil 57,Beauty,0.8155350685119629
651,115,Sunscreen 115,Beauty,0.8425308465957642
651,113,Shampoo 113,Beauty,0.8365856409072876
651,114,Perfume 114,Beauty,0.8119925260543823
651,120,Beauty Care Kit 120,Beauty,0.8023655414581299
651,111,Face Wash 111,Beauty,0.8014984726905823
652,121,Smartphone 121,Electronics,0.8151066899299622
652,127,Mechanical Keyboard 127,Electronics,0.7666487097740173
652,128,Wireless Mouse 128,Electronics,0.7635692954063416
652,125,Tablet 125,Electronics,0.7622736692428589
652,123,Wireless Headphones 123,Electronics,0.7550263404846191
653,106,Yoga Mat 106,Sports,0.9108428359031677
653,101,Football 101,Sports,0.8992310166358948
653,104,Tennis Ball Set 104,Sports,0.8959192037582397
653,108,Sports Shoes 108,Sports,0.8933010101318359
653,103,Badminton Racket 103,Sports,0.8876517415046692
654,12,Slim Fit Jeans 12,Fashion,0.8235185146331787
654,19,Casual Shoes 19,Fashion,0.8072465658187866
654,18,Sunglasses 18,Fashion,0.8063348531723022
654,15,Pullover Hoodie 15,Fashion,0.8046246767044067
654,17,Wrist Watch 17,Fashion,0.8038202524185181
655,27,Computer Networks Book 27,Books,0.7912603616714478
655,30,Cloud Computing Book 30,Books,0.772978663444519
655,21,Python Programming Book 21,Books,0.760078489780426
655,23,Machine Learning Book 23,Books,0.7544003129005432
655,26,Operating Systems Book 26,Books,0.7542166709899902
656,37,Decorative Cushion 37,Home,0.8822791576385498
656,35,Wall Clock 35,Home,0.8325411677360535
656,40,Home Decor Set 40,Home,0.8253570795059204
656,33,Cotton Bed Sheet 33,Home,0.8028355836868286
656,179,Face Cream 179,Beauty,0.7918023467063904
657,121,Smartphone 121,Electronics,0.9005206823348999
657,125,Tablet 125,Electronics,0.8769392967224121
657,126,Digital Camera 126,Electronics,0.861693799495697
657,128,Wireless Mouse 128,Electronics,0.8563811182975769
657,127,Mechanical Keyboard 127,Electronics,0.8490557670593262
658,83,Machine Learning Book 83,Books,0.7404090762138367
658,85,Database Systems Book 85,Books,0.7354596257209778
658,82,Data Science Book 82,Books,0.707554042339325
658,87,Computer Networks Book 87,Books,0.698699414730072
658,47,Skipping Rope 47,Sports,0.6951206922531128
659,45,Gym Gloves 45,Sports,0.8837740421295166
659,42,Cricket Bat 42,Sports,0.86979740858078
659,46,Yoga Mat 46,Sports,0.8573888540267944
659,41,Football 41,Sports,0.8446520566940308
659,50,Fitness Band 50,Sports,0.843014121055603
660,24,AI Fundamentals Book 24,Books,0.820149838924408
660,25,Database Systems Book 25,Books,0.8127701878547668
660,29,Algorithms Book 29,Books,0.8106056451797485
660,26,Operating Systems Book 26,Books,0.8065317869186401
660,30,Cloud Computing Book 30,Books,0.797402560710907
661,50,Fitness Band 50,Sports,0.7865379452705383
661,43,Badminton Racket 43,Sports,0.7532673478126526
661,47,Skipping Rope 47,Sports,0.7401933670043945
661,42,Cricket Bat 42,Sports,0.7364739775657654
661,45,Gym Gloves 45,Sports,0.7295097708702087
662,99,Steel Water Bottle 99,Home,0.9395593404769897
662,97,Decorative Cushion 97,Home,0.9114702343940735
662,96,Storage Organizer 96,Home,0.9106380939483643
662,94,Window Curtains 94,Home,0.8982042670249939
662,93,Cotton Bed Sheet 93,Home,0.8873828649520874
663,42,Cricket Bat 42,Sports,0.8720805644989014
663,50,Fitness Band 50,Sports,0.8550897836685181
663,47,Skipping Rope 47,Sports,0.8387805223464966
663,43,Badminton Racket 43,Sports,0.8368702530860901
663,45,Gym Gloves 45,Sports,0.836733877658844
664,24,AI Fundamentals Book 24,Books,0.8621997833251953
664,93,Cotton Bed Sheet 93,Home,0.8443401455879211
664,23,Machine Learning Book 23,Books,0.8386811017990112
664,92,Ergonomic Office Chair 92,Home,0.8375768065452576
664,30,Cloud Computing Book 30,Books,0.8357645869255066
665,175,Sunscreen 175,Beauty,0.8012934923171997
665,176,Lip Balm 176,Beauty,0.790722131729126
665,180,Beauty Care Kit 180,Beauty,0.7888645529747009
665,172,Moisturizer 172,Beauty,0.7875806093215942
665,177,Hair Oil 177,Beauty,0.7649540901184082
666,106,Yoga Mat 106,Sports,0.774392306804657
666,102,Cricket Bat 102,Sports,0.7651921510696411
666,104,Tennis Ball Set 104,Sports,0.7628782987594604
666,101,Football 101,Sports,0.7614028453826904
666,107,Skipping Rope 107,Sports,0.7469875812530518
667,168,Sports Shoes 168,Sports,0.9104537963867188
667,170,Fitness Band 170,Sports,0.9071654081344604
667,161,Football 161,Sports,0.899702250957489
667,167,Skipping Rope 167,Sports,0.8968086838722229
667,162,Cricket Bat 162,Sports,0.8929305672645569
668,137,Wrist Watch 137,Fashion,0.8524191379547119
668,133,Casual Jacket 133,Fashion,0.8430478572845459
668,132,Slim Fit Jeans 132,Fashion,0.8376345634460449
668,135,Pullover Hoodie 135,Fashion,0.8231213688850403
668,136,Travel Backpack 136,Fashion,0.8163421154022217
669,118,Body Lotion 118,Beauty,0.6707220077514648
669,112,Moisturizer 112,Beauty,0.6612343192100525
669,117,Hair Oil 117,Beauty,0.6604047417640686
669,120,Beauty Care Kit 120,Beauty,0.651344895362854
669,116,Lip Balm 116,Beauty,0.6437929272651672
670,114,Perfume 114,Beauty,0.5992830395698547
670,111,Face Wash 111,Beauty,0.5983110070228577
670,113,Shampoo 113,Beauty,0.5938673615455627
670,118,Body Lotion 118,Beauty,0.5917521715164185
670,120,Beauty Care Kit 120,Beauty,0.5904785394668579
671,53,Shampoo 53,Beauty,0.9268380999565125
671,58,Body Lotion 58,Beauty,0.9167438745498657
671,54,Perfume 54,Beauty,0.9156271815299988
671,56,Lip Balm 56,Beauty,0.8932035565376282
671,52,Moisturizer 52,Beauty,0.8915135860443115
672,101,Football 101,Sports,0.7655479907989502
672,106,Yoga Mat 106,Sports,0.753075361251831
672,104,Tennis Ball Set 104,Sports,0.7225079536437988
672,107,Skipping Rope 107,Sports,0.7183985114097595
672,110,Fitness Band 110,Sports,0.7177947759628296
673,69,Computer Monitor 69,Electronics,0.6990762948989868
673,70,Bluetooth Speaker 70,Electronics,0.6799474358558655
673,64,Smartwatch 64,Electronics,0.6656762361526489
673,67,Mechanical Keyboard 67,Electronics,0.6576985716819763
673,65,Tablet 65,Electronics,0.65498948097229
674,47,Skipping Rope 47,Sports,0.8097242712974548
674,46,Yoga Mat 46,Sports,0.8051931858062744
674,45,Gym Gloves 45,Sports,0.8017269968986511
674,42,Cricket Bat 42,Sports,0.8011202216148376
674,43,Badminton Racket 43,Sports,0.7968682050704956
675,96,Storage Organizer 96,Home,0.844091534614563
675,99,Steel Water Bottle 99,Home,0.8440108895301819
675,100,Home Decor Set 100,Home,0.8384052515029907
675,97,Decorative Cushion 97,Home,0.8361406326293945
675,95,Wall Clock 95,Home,0.8199028968811035
676,165,Gym Gloves 165,Sports,0.9664335250854492
676,164,Tennis Ball Set 164,Sports,0.942140519618988
676,161,Football 161,Sports,0.9362249374389648
676,162,Cricket Bat 162,Sports,0.9224510788917542
676,170,Fitness Band 170,Sports,0.9180310964584351
677,161,Football 161,Sports,0.9460415840148926
677,167,Skipping Rope 167,Sports,0.9440104961395264
677,162,Cricket Bat 162,Sports,0.9286134243011475
677,164,Tennis Ball Set 164,Sports,0.9284435510635376
677,165,Gym Gloves 165,Sports,0.9181992411613464
678,106,Yoga Mat 106,Sports,0.9499301314353943
678,104,Tennis Ball Set 104,Sports,0.9353945851325989
678,101,Football 101,Sports,0.9336867928504944
678,103,Badminton Racket 103,Sports,0.9326784014701843
678,107,Skipping Rope 107,Sports,0.9208002686500549
679,42,Cricket Bat 42,Sports,0.8929163813591003
679,46,Yoga Mat 46,Sports,0.8817319869995117
679,47,Skipping Rope 47,Sports,0.8789175748825073
679,45,Gym Gloves 45,Sports,0.8775344491004944
679,50,Fitness Band 50,Sports,0.877156138420105
680,127,Mechanical Keyboard 127,Electronics,0.7793808579444885
680,126,Digital Camera 126,Electronics,0.7775753736495972
680,123,Wireless Headphones 123,Electronics,0.7678757309913635
680,122,Laptop 122,Electronics,0.7662523984909058
680,125,Tablet 125,Electronics,0.7644398212432861
681,59,Face Cream 59,Beauty,0.7297424077987671
681,53,Shampoo 53,Beauty,0.7192927002906799
681,56,Lip Balm 56,Beauty,0.713841438293457
681,101,Football 101,Sports,0.7133674025535583
681,52,Moisturizer 52,Beauty,0.7041648626327515
682,54,Perfume 54,Beauty,0.8556616902351379
682,53,Shampoo 53,Beauty,0.8427156209945679
682,57,Hair Oil 57,Beauty,0.8351582288742065
682,52,Moisturizer 52,Beauty,0.8340329527854919
682,58,Body Lotion 58,Beauty,0.830693244934082
683,14,Running Sneakers 14,Fashion,0.8130593299865723
683,12,Slim Fit Jeans 12,Fashion,0.8053722381591797
683,17,Wrist Watch 17,Fashion,0.8020910620689392
683,18,Sunglasses 18,Fashion,0.7985792756080627
683,11,Cotton T-Shirt 11,Fashion,0.7759689092636108
684,114,Perfume 114,Beauty,0.8203482031822205
684,120,Beauty Care Kit 120,Beauty,0.814511775970459
684,115,Sunscreen 115,Beauty,0.8112120032310486
684,112,Moisturizer 112,Beauty,0.8103129267692566
684,113,Shampoo 113,Beauty,0.7989665269851685
685,150,Cloud Computing Book 150,Books,0.8802967071533203
685,142,Data Science Book 142,Books,0.8797774910926819
685,149,Algorithms Book 149,Books,0.8746535778045654
685,146,Operating Systems Book 146,Books,0.8585565090179443
685,144,AI Fundamentals Book 144,Books,0.8569481372833252
686,99,Steel Water Bottle 99,Home,0.9022937417030334
686,94,Window Curtains 94,Home,0.8941288590431213
686,96,Storage Organizer 96,Home,0.8937036395072937
686,93,Cotton Bed Sheet 93,Home,0.8785234093666077
686,97,Decorative Cushion 97,Home,0.8732889294624329
687,71,Cotton T-Shirt 71,Fashion,0.8477332592010498
687,79,Casual Shoes 79,Fashion,0.8473679423332214
687,76,Travel Backpack 76,Fashion,0.8405668139457703
687,78,Sunglasses 78,Fashion,0.839482307434082
687,77,Wrist Watch 77,Fashion,0.8310725092887878
688,79,Casual Shoes 79,Fashion,0.9080979824066162
688,78,Sunglasses 78,Fashion,0.8945186734199524
688,74,Running Sneakers 74,Fashion,0.8903389573097229
688,76,Travel Backpack 76,Fashion,0.8848116993904114
688,80,Baseball Cap 80,Fashion,0.8807685375213623
689,154,Window Curtains 154,Home,0.8597521185874939
689,152,Ergonomic Office Chair 152,Home,0.852478563785553
689,155,Wall Clock 155,Home,0.8484426736831665
689,158,Desk Organizer 158,Home,0.8353220224380493
689,156,Storage Organizer 156,Home,0.8299309611320496
690,117,Hair Oil 117,Beauty,0.8546918630599976
690,115,Sunscreen 115,Beauty,0.842160701751709
690,114,Perfume 114,Beauty,0.8372621536254883
690,113,Shampoo 113,Beauty,0.8366773128509521
690,118,Body Lotion 118,Beauty,0.8352878093719482
691,141,Python Programming Book 141,Books,0.8746081590652466
691,146,Operating Systems Book 146,Books,0.8689548969268799
691,149,Algorithms Book 149,Books,0.8527806997299194
691,144,AI Fundamentals Book 144,Books,0.8525598645210266
691,142,Data Science Book 142,Books,0.846957802772522
692,121,Smartphone 121,Electronics,0.8272515535354614
692,123,Wireless Headphones 123,Electronics,0.7956455945968628
692,127,Mechanical Keyboard 127,Electronics,0.7804927229881287
692,126,Digital Camera 126,Electronics,0.7692762017250061
692,128,Wireless Mouse 128,Electronics,0.7589375376701355
693,163,Badminton Racket 163,Sports,0.8181257247924805
693,162,Cricket Bat 162,Sports,0.8121159076690674
693,165,Gym Gloves 165,Sports,0.809497058391571
693,169,Adjustable Dumbbells 169,Sports,0.8091809153556824
693,170,Fitness Band 170,Sports,0.802929699420929
694,54,Perfume 54,Beauty,0.8862788081169128
694,53,Shampoo 53,Beauty,0.8832387924194336
694,58,Body Lotion 58,Beauty,0.8820207118988037
694,52,Moisturizer 52,Beauty,0.852245569229126
694,57,Hair Oil 57,Beauty,0.8415044546127319
695,197,Wrist Watch 197,Fashion,0.9298473596572876
695,193,Casual Jacket 193,Fashion,0.9039391279220581
695,192,Slim Fit Jeans 192,Fashion,0.9028466939926147
695,195,Pullover Hoodie 195,Fashion,0.8989905714988708
695,194,Running Sneakers 194,Fashion,0.8929097056388855
696,83,Machine Learning Book 83,Books,0.8055909276008606
696,90,Cloud Computing Book 90,Books,0.7985918521881104
696,87,Computer Networks Book 87,Books,0.7908754944801331
696,89,Algorithms Book 89,Books,0.790091335773468
696,82,Data Science Book 82,Books,0.7841637134552002
697,137,Wrist Watch 137,Fashion,0.8989259004592896
697,135,Pullover Hoodie 135,Fashion,0.8867837190628052
697,131,Cotton T-Shirt 131,Fashion,0.8695366382598877
697,136,Travel Backpack 136,Fashion,0.8498792052268982
697,132,Slim Fit Jeans 132,Fashion,0.8414694666862488
698,179,Face Cream 179,Beauty,0.920067548751831
698,175,Sunscreen 175,Beauty,0.9023139476776123
698,178,Body Lotion 178,Beauty,0.8792272806167603
698,176,Lip Balm 176,Beauty,0.8758552074432373
698,180,Beauty Care Kit 180,Beauty,0.8645980358123779
699,165,Gym Gloves 165,Sports,0.9511354565620422
699,169,Adjustable Dumbbells 169,Sports,0.9504889249801636
699,170,Fitness Band 170,Sports,0.9399332404136658
699,163,Badminton Racket 163,Sports,0.9102110862731934
699,161,Football 161,Sports,0.904982328414917
700,93,Cotton Bed Sheet 93,Home,0.9287763833999634
700,92,Ergonomic Office Chair 92,Home,0.928170919418335
700,97,Decorative Cushion 97,Home,0.9239640831947327
700,95,Wall Clock 95,Home,0.918600857257843
700,99,Steel Water Bottle 99,Home,0.9185441136360168
701,58,Body Lotion 58,Beauty,0.880685567855835
701,54,Perfume 54,Beauty,0.8784956336021423
701,57,Hair Oil 57,Beauty,0.8751183152198792
701,56,Lip Balm 56,Beauty,0.8625032901763916
701,53,Shampoo 53,Beauty,0.8439587354660034
702,149,Algorithms Book 149,Books,0.8388997912406921
702,148,Java Programming Book 148,Books,0.7818471789360046
702,147,Computer Networks Book 147,Books,0.7706488966941833
702,150,Cloud Computing Book 150,Books,0.7686453461647034
702,141,Python Programming Book 141,Books,0.7659693360328674
703,45,Gym Gloves 45,Sports,0.9022971987724304
703,50,Fitness Band 50,Sports,0.8889006972312927
703,42,Cricket Bat 42,Sports,0.8858818411827087
703,43,Badminton Racket 43,Sports,0.8839673399925232
703,47,Skipping Rope 47,Sports,0.8616370558738708
704,28,Java Programming Book 28,Books,0.9346739649772644
704,24,AI Fundamentals Book 24,Books,0.9332786798477173
704,25,Database Systems Book 25,Books,0.9181099534034729
704,22,Data Science Book 22,Books,0.9179810881614685
704,23,Machine Learning Book 23,Books,0.9160213470458984
705,149,Algorithms Book 149,Books,0.8987350463867188
705,141,Python Programming Book 141,Books,0.886266827583313
705,150,Cloud Computing Book 150,Books,0.8797211647033691
705,146,Operating Systems Book 146,Books,0.8754088282585144
705,148,Java Programming Book 148,Books,0.8719797730445862
706,5,Tablet 5,Electronics,0.8051499128341675
706,8,Wireless Mouse 8,Electronics,0.801464855670929
706,2,Laptop 2,Electronics,0.8001704216003418
706,3,Wireless Headphones 3,Electronics,0.7853636145591736
706,10,Bluetooth Speaker 10,Electronics,0.780511736869812
707,15,Pullover Hoodie 15,Fashion,0.8704479336738586
707,19,Casual Shoes 19,Fashion,0.8612104058265686
707,17,Wrist Watch 17,Fashion,0.8545457124710083
707,13,Casual Jacket 13,Fashion,0.8536739945411682
707,11,Cotton T-Shirt 11,Fashion,0.8470256328582764
708,164,Tennis Ball Set 164,Sports,0.9070619344711304
708,165,Gym Gloves 165,Sports,0.8944143652915955
708,163,Badminton Racket 163,Sports,0.8875811696052551
708,169,Adjustable Dumbbells 169,Sports,0.8809176087379456
708,170,Fitness Band 170,Sports,0.876397967338562
709,78,Sunglasses 78,Fashion,0.8697789907455444
709,75,Pullover Hoodie 75,Fashion,0.8676014542579651
709,76,Travel Backpack 76,Fashion,0.8471410870552063
709,79,Casual Shoes 79,Fashion,0.843683123588562
709,72,Slim Fit Jeans 72,Fashion,0.8334901928901672
710,26,Operating Systems Book 26,Books,0.7707391977310181
710,30,Cloud Computing Book 30,Books,0.7512236833572388
710,22,Data Science Book 22,Books,0.743964433670044
710,29,Algorithms Book 29,Books,0.7437834143638611
710,25,Database Systems Book 25,Books,0.7303726077079773
711,79,Casual Shoes 79,Fashion,0.8480268716812134
711,76,Travel Backpack 76,Fashion,0.8470126986503601
711,71,Cotton T-Shirt 71,Fashion,0.8431543707847595
711,78,Sunglasses 78,Fashion,0.8417186737060547
711,80,Baseball Cap 80,Fashion,0.8366047739982605
712,106,Yoga Mat 106,Sports,0.8733049631118774
712,107,Skipping Rope 107,Sports,0.8731967210769653
712,105,Gym Gloves 105,Sports,0.86723792552948
712,103,Badminton Racket 103,Sports,0.8659939765930176
712,109,Adjustable Dumbbells 109,Sports,0.8654642105102539
713,106,Yoga Mat 106,Sports,0.725223958492279
713,101,Football 101,Sports,0.7122718095779419
713,104,Tennis Ball Set 104,Sports,0.7101502418518066
713,102,Cricket Bat 102,Sports,0.7021973133087158
713,103,Badminton Racket 103,Sports,0.6744434833526611
714,46,Yoga Mat 46,Sports,0.9093106985092163
714,45,Gym Gloves 45,Sports,0.9054023027420044
714,42,Cricket Bat 42,Sports,0.8991430401802063
714,50,Fitness Band 50,Sports,0.8947367668151855
714,47,Skipping Rope 47,Sports,0.8791233897209167
715,94,Window Curtains 94,Home,0.8766152262687683
715,97,Decorative Cushion 97,Home,0.8714647889137268
715,99,Steel Water Bottle 99,Home,0.8712575435638428
715,96,Storage Organizer 96,Home,0.8626300692558289
715,91,Table Lamp 91,Home,0.8590741157531738
716,42,Cricket Bat 42,Sports,0.8292115330696106
716,47,Skipping Rope 47,Sports,0.820404589176178
716,43,Badminton Racket 43,Sports,0.8099056482315063
716,45,Gym Gloves 45,Sports,0.8095455765724182
716,46,Yoga Mat 46,Sports,0.792624294757843
717,142,Data Science Book 142,Books,0.8425173759460449
717,150,Cloud Computing Book 150,Books,0.8420352935791016
717,149,Algorithms Book 149,Books,0.8123242855072021
717,144,AI Fundamentals Book 144,Books,0.8053001761436462
717,146,Operating Systems Book 146,Books,0.8026455640792847
718,2,Laptop 2,Electronics,0.8038427829742432
718,5,Tablet 5,Electronics,0.8017433881759644
718,10,Bluetooth Speaker 10,Electronics,0.7979469299316406
718,8,Wireless Mouse 8,Electronics,0.7925896644592285
718,4,Smartwatch 4,Electronics,0.7645407915115356
719,5,Tablet 5,Electronics,0.784756064414978
719,8,Wireless Mouse 8,Electronics,0.7837656736373901
719,2,Laptop 2,Electronics,0.7805644273757935
719,3,Wireless Headphones 3,Electronics,0.7588667869567871
719,10,Bluetooth Speaker 10,Electronics,0.7460740804672241
720,45,Gym Gloves 45,Sports,0.7231823801994324
720,42,Cricket Bat 42,Sports,0.7220056056976318
720,50,Fitness Band 50,Sports,0.7035523056983948
720,69,Computer Monitor 69,Electronics,0.6901586055755615
720,49,Adjustable Dumbbells 49,Sports,0.6859000325202942
721,175,Sunscreen 175,Beauty,0.964748740196228
721,180,Beauty Care Kit 180,Beauty,0.9304742813110352
721,179,Face Cream 179,Beauty,0.9251530766487122
721,176,Lip Balm 176,Beauty,0.9235327839851379
721,178,Body Lotion 178,Beauty,0.9073101282119751
722,162,Cricket Bat 162,Sports,0.8715109825134277
722,163,Badminton Racket 163,Sports,0.8617037534713745
722,169,Adjustable Dumbbells 169,Sports,0.8465608954429626
722,165,Gym Gloves 165,Sports,0.843946099281311
722,166,Yoga Mat 166,Sports,0.8437092304229736
723,37,Decorative Cushion 37,Home,0.8599492907524109
723,35,Wall Clock 35,Home,0.854390561580658
723,32,Ergonomic Office Chair 32,Home,0.8513186573982239
723,31,Table Lamp 31,Home,0.8403419852256775
723,40,Home Decor Set 40,Home,0.8285307288169861
724,79,Casual Shoes 79,Fashion,0.7956222891807556
724,74,Running Sneakers 74,Fashion,0.7766990065574646
724,80,Baseball Cap 80,Fashion,0.768368661403656
724,76,Travel Backpack 76,Fashion,0.763869047164917
724,78,Sunglasses 78,Fashion,0.7614636421203613
725,32,Ergonomic Office Chair 32,Home,0.8392010927200317
725,35,Wall Clock 35,Home,0.8320361971855164
725,37,Decorative Cushion 37,Home,0.8269017338752747
725,34,Window Curtains 34,Home,0.7968577742576599
725,40,Home Decor Set 40,Home,0.7910322546958923
726,78,Sunglasses 78,Fashion,0.9243577122688293
726,75,Pullover Hoodie 75,Fashion,0.9075578451156616
726,71,Cotton T-Shirt 71,Fashion,0.8987421989440918
726,77,Wrist Watch 77,Fashion,0.8918386697769165
726,72,Slim Fit Jeans 72,Fashion,0.8864129781723022
727,197,Wrist Watch 197,Fashion,0.8690135478973389
727,194,Running Sneakers 194,Fashion,0.8621525764465332
727,192,Slim Fit Jeans 192,Fashion,0.8586207628250122
727,196,Travel Backpack 196,Fashion,0.8463257551193237
727,193,Casual Jacket 193,Fashion,0.8376584053039551
728,26,Operating Systems Book 26,Books,0.8439717888832092
728,30,Cloud Computing Book 30,Books,0.834507405757904
728,28,Java Programming Book 28,Books,0.8266685605049133
728,27,Computer Networks Book 27,Books,0.8248723745346069
728,23,Machine Learning Book 23,Books,0.820635199546814
729,154,Window Curtains 154,Home,0.7776364088058472
729,152,Ergonomic Office Chair 152,Home,0.7697138786315918
729,151,Table Lamp 151,Home,0.7601432800292969
729,157,Decorative Cushion 157,Home,0.7520675659179688
729,153,Cotton Bed Sheet 153,Home,0.7463740706443787
730,175,Sunscreen 175,Beauty,0.8456098437309265
730,180,Beauty Care Kit 180,Beauty,0.829801082611084
730,176,Lip Balm 176,Beauty,0.8041676878929138
730,174,Perfume 174,Beauty,0.803220808506012
730,171,Face Wash 171,Beauty,0.7991174459457397
731,161,Football 161,Sports,0.8308879733085632
731,165,Gym Gloves 165,Sports,0.8243247866630554
731,163,Badminton Racket 163,Sports,0.8169479966163635
731,169,Adjustable Dumbbells 169,Sports,0.8023286461830139
731,168,Sports Shoes 168,Sports,0.7961552143096924
732,78,Sunglasses 78,Fashion,0.8976677656173706
732,76,Travel Backpack 76,Fashion,0.8898606896400452
732,80,Baseball Cap 80,Fashion,0.8869566917419434
732,72,Slim Fit Jeans 72,Fashion,0.8840580582618713
732,74,Running Sneakers 74,Fashion,0.8802301287651062
733,93,Cotton Bed Sheet 93,Home,0.8333139419555664
733,95,Wall Clock 95,Home,0.8309200406074524
733,96,Storage Organizer 96,Home,0.8162658214569092
733,94,Window Curtains 94,Home,0.815661609172821
733,91,Table Lamp 91,Home,0.8112151026725769
734,8,Wireless Mouse 8,Electronics,0.7805324196815491
734,175,Sunscreen 175,Beauty,0.7537969350814819
734,10,Bluetooth Speaker 10,Electronics,0.7441533803939819
734,2,Laptop 2,Electronics,0.7324583530426025
734,3,Wireless Headphones 3,Electronics,0.7231903076171875
735,114,Perfume 114,Beauty,0.9176943898200989
735,115,Sunscreen 115,Beauty,0.9119111895561218
735,120,Beauty Care Kit 120,Beauty,0.9067337512969971
735,117,Hair Oil 117,Beauty,0.8897452354431152
735,113,Shampoo 113,Beauty,0.884341299533844
736,188,Wireless Mouse 188,Electronics,0.7476993203163147
736,183,Wireless Headphones 183,Electronics,0.7424516081809998
736,184,Smartwatch 184,Electronics,0.7372785210609436
736,182,Laptop 182,Electronics,0.7202166318893433
736,181,Smartphone 181,Electronics,0.7191137075424194
737,54,Perfume 54,Beauty,0.8993414640426636
737,52,Moisturizer 52,Beauty,0.8515651226043701
737,57,Hair Oil 57,Beauty,0.8510599136352539
737,53,Shampoo 53,Beauty,0.8504452109336853
737,59,Face Cream 59,Beauty,0.8427590131759644
738,164,Tennis Ball Set 164,Sports,0.8389672040939331
738,169,Adjustable Dumbbells 169,Sports,0.8333622217178345
738,170,Fitness Band 170,Sports,0.8319541811943054
738,163,Badminton Racket 163,Sports,0.8279589414596558
738,165,Gym Gloves 165,Sports,0.8272546529769897
739,28,Java Programming Book 28,Books,0.879681408405304
739,23,Machine Learning Book 23,Books,0.8648378252983093
739,22,Data Science Book 22,Books,0.8631088137626648
739,25,Database Systems Book 25,Books,0.8583829998970032
739,24,AI Fundamentals Book 24,Books,0.8553798198699951
740,179,Face Cream 179,Beauty,0.8805217742919922
740,175,Sunscreen 175,Beauty,0.8776965141296387
740,176,Lip Balm 176,Beauty,0.8525616526603699
740,180,Beauty Care Kit 180,Beauty,0.8503602743148804
740,174,Perfume 174,Beauty,0.8308882713317871
741,165,Gym Gloves 165,Sports,0.8933243751525879
741,164,Tennis Ball Set 164,Sports,0.85210120677948
741,170,Fitness Band 170,Sports,0.8502973914146423
741,161,Football 161,Sports,0.8499945998191833
741,162,Cricket Bat 162,Sports,0.8475301861763
742,5,Tablet 5,Electronics,0.8671784400939941
742,8,Wireless Mouse 8,Electronics,0.8653407692909241
742,2,Laptop 2,Electronics,0.8463829159736633
742,10,Bluetooth Speaker 10,Electronics,0.8203779458999634
742,6,Digital Camera 6,Electronics,0.8193346261978149
743,157,Decorative Cushion 157,Home,0.7040708661079407
743,158,Desk Organizer 158,Home,0.6967437267303467
743,152,Ergonomic Office Chair 152,Home,0.685811460018158
743,154,Window Curtains 154,Home,0.6824184656143188
743,151,Table Lamp 151,Home,0.6760136485099792
744,121,Smartphone 121,Electronics,0.9346861839294434
744,125,Tablet 125,Electronics,0.9202752709388733
744,127,Mechanical Keyboard 127,Electronics,0.9087123274803162
744,126,Digital Camera 126,Electronics,0.8965432047843933
744,130,Bluetooth Speaker 130,Electronics,0.8890549540519714
745,87,Computer Networks Book 87,Books,0.8344367742538452
745,83,Machine Learning Book 83,Books,0.8165748119354248
745,89,Algorithms Book 89,Books,0.8108859062194824
745,84,AI Fundamentals Book 84,Books,0.7916553020477295
745,90,Cloud Computing Book 90,Books,0.7904285788536072
746,115,Sunscreen 115,Beauty,0.8309528827667236
746,120,Beauty Care Kit 120,Beauty,0.8176672458648682
746,112,Moisturizer 112,Beauty,0.8088846802711487
746,114,Perfume 114,Beauty,0.8048718571662903
746,111,Face Wash 111,Beauty,0.801405668258667
747,115,Sunscreen 115,Beauty,0.7840903401374817
747,114,Perfume 114,Beauty,0.7820259928703308
747,120,Beauty Care Kit 120,Beauty,0.7712870836257935
747,117,Hair Oil 117,Beauty,0.7679381966590881
747,113,Shampoo 113,Beauty,0.7542415857315063
748,37,Decorative Cushion 37,Home,0.8348246812820435
748,35,Wall Clock 35,Home,0.830987811088562
748,31,Table Lamp 31,Home,0.8253651857376099
748,34,Window Curtains 34,Home,0.8013770580291748
748,32,Ergonomic Office Chair 32,Home,0.8011140823364258
749,106,Yoga Mat 106,Sports,0.7851813435554504
749,104,Tennis Ball Set 104,Sports,0.7804418802261353
749,102,Cricket Bat 102,Sports,0.7695817947387695
749,101,Football 101,Sports,0.7540987133979797
749,107,Skipping Rope 107,Sports,0.7471148371696472
750,14,Running Sneakers 14,Fashion,0.8373648524284363
750,17,Wrist Watch 17,Fashion,0.8331184387207031
750,12,Slim Fit Jeans 12,Fashion,0.826055109500885
750,18,Sunglasses 18,Fashion,0.8258371949195862
750,15,Pullover Hoodie 15,Fashion,0.8188941478729248
751,175,Sunscreen 175,Beauty,0.9043367505073547
751,179,Face Cream 179,Beauty,0.9010410904884338
751,178,Body Lotion 178,Beauty,0.8719041347503662
751,180,Beauty Care Kit 180,Beauty,0.8621290326118469
751,176,Lip Balm 176,Beauty,0.855886697769165
752,57,Hair Oil 57,Beauty,0.8473029732704163
752,54,Perfume 54,Beauty,0.8395295739173889
752,59,Face Cream 59,Beauty,0.8079624176025391
752,52,Moisturizer 52,Beauty,0.8069974780082703
752,53,Shampoo 53,Beauty,0.7998562455177307
753,156,Storage Organizer 156,Home,0.9034408926963806
753,155,Wall Clock 155,Home,0.9007425904273987
753,154,Window Curtains 154,Home,0.8846315741539001
753,152,Ergonomic Office Chair 152,Home,0.8823704719543457
753,158,Desk Organizer 158,Home,0.8778288960456848
754,45,Gym Gloves 45,Sports,0.8502810001373291
754,46,Yoga Mat 46,Sports,0.842107892036438
754,43,Badminton Racket 43,Sports,0.8321014642715454
754,47,Skipping Rope 47,Sports,0.8318198323249817
754,42,Cricket Bat 42,Sports,0.8313992023468018
755,142,Data Science Book 142,Books,0.8568776845932007
755,149,Algorithms Book 149,Books,0.8546978235244751
755,147,Computer Networks Book 147,Books,0.8442943692207336
755,145,Database Systems Book 145,Books,0.8336085677146912
755,150,Cloud Computing Book 150,Books,0.8302345275878906
756,91,Table Lamp 91,Home,0.8971579074859619
756,94,Window Curtains 94,Home,0.8969799280166626
756,99,Steel Water Bottle 99,Home,0.8921427726745605
756,97,Decorative Cushion 97,Home,0.8910159468650818
756,92,Ergonomic Office Chair 92,Home,0.8900341391563416
757,12,Slim Fit Jeans 12,Fashion,0.8322895765304565
757,18,Sunglasses 18,Fashion,0.8279326558113098
757,17,Wrist Watch 17,Fashion,0.8226715326309204
757,19,Casual Shoes 19,Fashion,0.8224884271621704
757,13,Casual Jacket 13,Fashion,0.8120775818824768
758,19,Casual Shoes 19,Fashion,0.8402103185653687
758,15,Pullover Hoodie 15,Fashion,0.8360372185707092
758,13,Casual Jacket 13,Fashion,0.8264074325561523
758,12,Slim Fit Jeans 12,Fashion,0.8246302604675293
758,18,Sunglasses 18,Fashion,0.8196138143539429
759,92,Ergonomic Office Chair 92,Home,0.8871548175811768
759,97,Decorative Cushion 97,Home,0.8850604891777039
759,99,Steel Water Bottle 99,Home,0.8833323121070862
759,100,Home Decor Set 100,Home,0.8713106513023376
759,98,Desk Organizer 98,Home,0.866729199886322
760,121,Smartphone 121,Electronics,0.8438758850097656
760,123,Wireless Headphones 123,Electronics,0.8028402328491211
760,128,Wireless Mouse 128,Electronics,0.7980243563652039
760,125,Tablet 125,Electronics,0.7874467372894287
760,130,Bluetooth Speaker 130,Electronics,0.771980881690979
761,151,Table Lamp 151,Home,0.8339564204216003
761,155,Wall Clock 155,Home,0.8152874112129211
761,152,Ergonomic Office Chair 152,Home,0.7873672246932983
761,153,Cotton Bed Sheet 153,Home,0.7866116762161255
761,158,Desk Organizer 158,Home,0.7863269448280334
762,17,Wrist Watch 17,Fashion,0.8913389444351196
762,12,Slim Fit Jeans 12,Fashion,0.8780322074890137
762,18,Sunglasses 18,Fashion,0.874062180519104
762,19,Casual Shoes 19,Fashion,0.8672764897346497
762,14,Running Sneakers 14,Fashion,0.8601672649383545
763,96,Storage Organizer 96,Home,0.9327674508094788
763,97,Decorative Cushion 97,Home,0.9312804341316223
763,93,Cotton Bed Sheet 93,Home,0.9181199073791504
763,99,Steel Water Bottle 99,Home,0.9114245772361755
763,94,Window Curtains 94,Home,0.9082459211349487
764,12,Slim Fit Jeans 12,Fashion,0.912093997001648
764,104,Tennis Ball Set 104,Sports,0.8588489890098572
764,18,Sunglasses 18,Fashion,0.857948362827301
764,16,Travel Backpack 16,Fashion,0.8559866547584534
764,17,Wrist Watch 17,Fashion,0.8461422920227051
765,87,Computer Networks Book 87,Books,0.8040773868560791
765,83,Machine Learning Book 83,Books,0.7792309522628784
765,90,Cloud Computing Book 90,Books,0.7774244546890259
765,86,Operating Systems Book 86,Books,0.774935245513916
765,85,Database Systems Book 85,Books,0.7708581686019897
766,118,Body Lotion 118,Beauty,0.8683979511260986
766,112,Moisturizer 112,Beauty,0.8600997924804688
766,119,Face Cream 119,Beauty,0.8532169461250305
766,120,Beauty Care Kit 120,Beauty,0.8506036996841431
766,116,Lip Balm 116,Beauty,0.8456174731254578
767,125,Tablet 125,Electronics,0.9459620118141174
767,121,Smartphone 121,Electronics,0.9447457790374756
767,123,Wireless Headphones 123,Electronics,0.9194269180297852
767,127,Mechanical Keyboard 127,Electronics,0.9040931463241577
767,130,Bluetooth Speaker 130,Electronics,0.8854732513427734
768,125,Tablet 125,Electronics,0.8218640089035034
768,122,Laptop 122,Electronics,0.8092257976531982
768,130,Bluetooth Speaker 130,Electronics,0.7831815481185913
768,128,Wireless Mouse 128,Electronics,0.770413339138031
768,129,Computer Monitor 129,Electronics,0.7703859210014343
769,58,Body Lotion 58,Beauty,0.8248003721237183
769,54,Perfume 54,Beauty,0.8125747442245483
769,53,Shampoo 53,Beauty,0.8119478821754456
769,57,Hair Oil 57,Beauty,0.8043466210365295
769,52,Moisturizer 52,Beauty,0.7991481423377991
770,135,Pullover Hoodie 135,Fashion,0.7582004070281982
770,137,Wrist Watch 137,Fashion,0.7323102951049805
770,155,Wall Clock 155,Home,0.6982030272483826
770,139,Casual Shoes 139,Fashion,0.693878710269928
770,154,Window Curtains 154,Home,0.6883252263069153
771,162,Cricket Bat 162,Sports,0.8876512050628662
771,167,Skipping Rope 167,Sports,0.880573034286499
771,161,Football 161,Sports,0.8784241676330566
771,169,Adjustable Dumbbells 169,Sports,0.8655038475990295
771,170,Fitness Band 170,Sports,0.8607133626937866
772,26,Operating Systems Book 26,Books,0.8558011054992676
772,28,Java Programming Book 28,Books,0.8469672799110413
772,30,Cloud Computing Book 30,Books,0.8241903781890869
772,21,Python Programming Book 21,Books,0.8116220235824585
772,24,AI Fundamentals Book 24,Books,0.806075930595398
773,26,Operating Systems Book 26,Books,0.9606413245201111
773,28,Java Programming Book 28,Books,0.9241877198219299
773,30,Cloud Computing Book 30,Books,0.910444438457489
773,29,Algorithms Book 29,Books,0.9072593450546265
773,24,AI Fundamentals Book 24,Books,0.8983200788497925
774,193,Casual Jacket 193,Fashion,0.7341888546943665
774,192,Slim Fit Jeans 192,Fashion,0.7196216583251953
774,194,Running Sneakers 194,Fashion,0.7014870047569275
774,106,Yoga Mat 106,Sports,0.6870556473731995
774,101,Football 101,Sports,0.6808419227600098
775,175,Sunscreen 175,Beauty,0.860028862953186
775,179,Face Cream 179,Beauty,0.8343144059181213
775,171,Face Wash 171,Beauty,0.829314649105072
775,173,Shampoo 173,Beauty,0.8187441229820251
775,177,Hair Oil 177,Beauty,0.8156417608261108
776,106,Yoga Mat 106,Sports,0.9303852915763855
776,104,Tennis Ball Set 104,Sports,0.9107567667961121
776,103,Badminton Racket 103,Sports,0.9097237586975098
776,107,Skipping Rope 107,Sports,0.8986428380012512
776,109,Adjustable Dumbbells 109,Sports,0.8928221464157104
777,27,Computer Networks Book 27,Books,0.7902979254722595
777,30,Cloud Computing Book 30,Books,0.7747518420219421
777,23,Machine Learning Book 23,Books,0.7594547271728516
777,21,Python Programming Book 21,Books,0.7458266615867615
777,28,Java Programming Book 28,Books,0.7455019950866699
778,99,Steel Water Bottle 99,Home,0.8229184150695801
778,96,Storage Organizer 96,Home,0.8213126063346863
778,94,Window Curtains 94,Home,0.8024032115936279
778,93,Cotton Bed Sheet 93,Home,0.7879205942153931
778,97,Decorative Cushion 97,Home,0.7852281332015991
779,197,Wrist Watch 197,Fashion,0.8605791330337524
779,194,Running Sneakers 194,Fashion,0.8551448583602905
779,192,Slim Fit Jeans 192,Fashion,0.8336857557296753
779,195,Pullover Hoodie 195,Fashion,0.8258742690086365
779,193,Casual Jacket 193,Fashion,0.8210492730140686
780,57,Hair Oil 57,Beauty,0.8770314455032349
780,54,Perfume 54,Beauty,0.8767321705818176
780,53,Shampoo 53,Beauty,0.8218144774436951
780,56,Lip Balm 56,Beauty,0.821419894695282
780,58,Body Lotion 58,Beauty,0.8192247152328491
781,112,Moisturizer 112,Beauty,0.9279915690422058
781,118,Body Lotion 118,Beauty,0.9249895811080933
781,114,Perfume 114,Beauty,0.910184919834137
781,120,Beauty Care Kit 120,Beauty,0.9091910123825073
781,116,Lip Balm 116,Beauty,0.9032211899757385
782,15,Pullover Hoodie 15,Fashion,0.8238723278045654
782,18,Sunglasses 18,Fashion,0.8183795809745789
782,14,Running Sneakers 14,Fashion,0.8139078617095947
782,13,Casual Jacket 13,Fashion,0.8105500340461731
782,17,Wrist Watch 17,Fashion,0.8065412044525146
783,197,Wrist Watch 197,Fashion,0.8089837431907654
783,194,Running Sneakers 194,Fashion,0.7930642366409302
783,192,Slim Fit Jeans 192,Fashion,0.780184268951416
783,196,Travel Backpack 196,Fashion,0.7701736092567444
783,195,Pullover Hoodie 195,Fashion,0.7639976739883423
784,83,Machine Learning Book 83,Books,0.9225510358810425
784,87,Computer Networks Book 87,Books,0.9088019132614136
784,90,Cloud Computing Book 90,Books,0.9035496115684509
784,89,Algorithms Book 89,Books,0.8987893462181091
784,82,Data Science Book 82,Books,0.8870532512664795
785,25,Database Systems Book 25,Books,0.8932154178619385
785,24,AI Fundamentals Book 24,Books,0.8928679823875427
785,30,Cloud Computing Book 30,Books,0.8846681714057922
785,23,Machine Learning Book 23,Books,0.8773516416549683
785,26,Operating Systems Book 26,Books,0.8764749765396118
786,164,Tennis Ball Set 164,Sports,0.8767696619033813
786,114,Perfume 114,Beauty,0.8653417825698853
786,163,Badminton Racket 163,Sports,0.8451000452041626
786,118,Body Lotion 118,Beauty,0.8430092334747314
786,112,Moisturizer 112,Beauty,0.8427132368087769
787,54,Perfume 54,Beauty,0.8714355230331421
787,52,Moisturizer 52,Beauty,0.8692545294761658
787,58,Body Lotion 58,Beauty,0.8497682213783264
787,60,Beauty Care Kit 60,Beauty,0.8391097784042358
787,57,Hair Oil 57,Beauty,0.8369677066802979
788,50,Fitness Band 50,Sports,0.9001638293266296
788,47,Skipping Rope 47,Sports,0.8978727459907532
788,42,Cricket Bat 42,Sports,0.895339846611023
788,43,Badminton Racket 43,Sports,0.8871003985404968
788,46,Yoga Mat 46,Sports,0.8862485289573669
789,142,Data Science Book 142,Books,0.8662609457969666
789,147,Computer Networks Book 147,Books,0.8488603830337524
789,149,Algorithms Book 149,Books,0.8469884991645813
789,150,Cloud Computing Book 150,Books,0.8420820832252502
789,144,AI Fundamentals Book 144,Books,0.8344603180885315
790,45,Gym Gloves 45,Sports,0.8733082413673401
790,46,Yoga Mat 46,Sports,0.8671047687530518
790,42,Cricket Bat 42,Sports,0.8633238077163696
790,47,Skipping Rope 47,Sports,0.8590384125709534
790,48,Sports Shoes 48,Sports,0.8507150411605835
791,71,Cotton T-Shirt 71,Fashion,0.8334065675735474
791,75,Pullover Hoodie 75,Fashion,0.8315611481666565
791,77,Wrist Watch 77,Fashion,0.8276651501655579
791,78,Sunglasses 78,Fashion,0.8215905427932739
791,72,Slim Fit Jeans 72,Fashion,0.8122445344924927
792,114,Perfume 114,Beauty,0.8939811587333679
792,118,Body Lotion 118,Beauty,0.8850027918815613
792,113,Shampoo 113,Beauty,0.8774487972259521
792,112,Moisturizer 112,Beauty,0.8761246204376221
792,117,Hair Oil 117,Beauty,0.8715529441833496
793,181,Smartphone 181,Electronics,0.8918687105178833
793,182,Laptop 182,Electronics,0.8887780904769897
793,188,Wireless Mouse 188,Electronics,0.8873748779296875
793,183,Wireless Headphones 183,Electronics,0.8851190805435181
793,184,Smartwatch 184,Electronics,0.8828871250152588
794,197,Wrist Watch 197,Fashion,0.85475754737854
794,192,Slim Fit Jeans 192,Fashion,0.8470852375030518
794,194,Running Sneakers 194,Fashion,0.8413544297218323
794,196,Travel Backpack 196,Fashion,0.8401387929916382
794,195,Pullover Hoodie 195,Fashion,0.8348222970962524
795,149,Algorithms Book 149,Books,0.8944256901741028
795,142,Data Science Book 142,Books,0.8802797794342041
795,150,Cloud Computing Book 150,Books,0.8779411911964417
795,144,AI Fundamentals Book 144,Books,0.8757362961769104
795,147,Computer Networks Book 147,Books,0.866919994354248
796,118,Body Lotion 118,Beauty,0.8491789102554321
796,112,Moisturizer 112,Beauty,0.8440990447998047
796,120,Beauty Care Kit 120,Beauty,0.8308898210525513
796,114,Perfume 114,Beauty,0.8299598097801208
796,116,Lip Balm 116,Beauty,0.8251611590385437
797,29,Algorithms Book 29,Books,0.719436764717102
797,22,Data Science Book 22,Books,0.6887964606285095
797,24,AI Fundamentals Book 24,Books,0.6869248151779175
797,26,Operating Systems Book 26,Books,0.6824929714202881
797,25,Database Systems Book 25,Books,0.6709305644035339
798,50,Fitness Band 50,Sports,0.8354767560958862
798,47,Skipping Rope 47,Sports,0.817788302898407
798,46,Yoga Mat 46,Sports,0.8113288879394531
798,42,Cricket Bat 42,Sports,0.810665488243103
798,43,Badminton Racket 43,Sports,0.8070924282073975
799,118,Body Lotion 118,Beauty,0.8047865629196167
799,116,Lip Balm 116,Beauty,0.7827335596084595
799,120,Beauty Care Kit 120,Beauty,0.7756755352020264
799,117,Hair Oil 117,Beauty,0.7721403241157532
799,112,Moisturizer 112,Beauty,0.7653020024299622
800,106,Yoga Mat 106,Sports,0.7841780185699463
800,104,Tennis Ball Set 104,Sports,0.7568973898887634
800,101,Football 101,Sports,0.7419284582138062
800,102,Cricket Bat 102,Sports,0.7345037460327148
800,108,Sports Shoes 108,Sports,0.7314471006393433
801,78,Sunglasses 78,Fashion,0.7997989058494568
801,72,Slim Fit Jeans 72,Fashion,0.796776294708252
801,79,Casual Shoes 79,Fashion,0.7819715738296509
801,74,Running Sneakers 74,Fashion,0.7694221138954163
801,76,Travel Backpack 76,Fashion,0.7591908574104309
802,3,Wireless Headphones 3,Electronics,0.81729656457901
802,52,Moisturizer 52,Beauty,0.7742676734924316
802,10,Bluetooth Speaker 10,Electronics,0.7693085670471191
802,6,Digital Camera 6,Electronics,0.7679930925369263
802,1,Smartphone 1,Electronics,0.7662009000778198
803,154,Window Curtains 154,Home,0.8528120517730713
803,151,Table Lamp 151,Home,0.8322237730026245
803,152,Ergonomic Office Chair 152,Home,0.8313606381416321
803,155,Wall Clock 155,Home,0.8273967504501343
803,159,Steel Water Bottle 159,Home,0.8077607154846191
804,121,Smartphone 121,Electronics,0.9186550974845886
804,123,Wireless Headphones 123,Electronics,0.8768467307090759
804,125,Tablet 125,Electronics,0.8665592670440674
804,128,Wireless Mouse 128,Electronics,0.8632144331932068
804,130,Bluetooth Speaker 130,Electronics,0.8520574569702148
805,37,Decorative Cushion 37,Home,0.8401121497154236
805,40,Home Decor Set 40,Home,0.8314331769943237
805,35,Wall Clock 35,Home,0.8218948245048523
805,32,Ergonomic Office Chair 32,Home,0.8095935583114624
805,34,Window Curtains 34,Home,0.8091009259223938
806,83,Machine Learning Book 83,Books,0.8303284645080566
806,87,Computer Networks Book 87,Books,0.8148624897003174
806,89,Algorithms Book 89,Books,0.8057749271392822
806,90,Cloud Computing Book 90,Books,0.7995960116386414
806,84,AI Fundamentals Book 84,Books,0.7876918315887451
807,70,Bluetooth Speaker 70,Electronics,0.6929072737693787
807,66,Digital Camera 66,Electronics,0.6676820516586304
807,65,Tablet 65,Electronics,0.6672784686088562
807,68,Wireless Mouse 68,Electronics,0.6614599823951721
807,67,Mechanical Keyboard 67,Electronics,0.6584582328796387
808,94,Window Curtains 94,Home,0.9568715691566467
808,91,Table Lamp 91,Home,0.9377255439758301
808,99,Steel Water Bottle 99,Home,0.9282047748565674
808,95,Wall Clock 95,Home,0.9165152907371521
808,97,Decorative Cushion 97,Home,0.9104122519493103
809,61,Smartphone 61,Electronics,0.9187607169151306
809,69,Computer Monitor 69,Electronics,0.903184711933136
809,62,Laptop 62,Electronics,0.8806685209274292
809,65,Tablet 65,Electronics,0.8693801164627075
809,70,Bluetooth Speaker 70,Electronics,0.865712583065033
810,46,Yoga Mat 46,Sports,0.8311532139778137
810,47,Skipping Rope 47,Sports,0.8290435075759888
810,45,Gym Gloves 45,Sports,0.8187628984451294
810,43,Badminton Racket 43,Sports,0.8168994784355164
810,48,Sports Shoes 48,Sports,0.8138207197189331
811,141,Python Programming Book 141,Books,0.7874400019645691
811,149,Algorithms Book 149,Books,0.7872728705406189
811,143,Machine Learning Book 143,Books,0.7721231579780579
811,145,Database Systems Book 145,Books,0.7716947197914124
811,150,Cloud Computing Book 150,Books,0.7666855454444885
812,149,Algorithms Book 149,Books,0.9610397815704346
812,146,Operating Systems Book 146,Books,0.9413623809814453
812,142,Data Science Book 142,Books,0.9296486377716064
812,144,AI Fundamentals Book 144,Books,0.9232617616653442
812,148,Java Programming Book 148,Books,0.9228032827377319
813,101,Football 101,Sports,0.8639960885047913
813,104,Tennis Ball Set 104,Sports,0.8614857792854309
813,108,Sports Shoes 108,Sports,0.8317385911941528
813,106,Yoga Mat 106,Sports,0.8270150423049927
813,103,Badminton Racket 103,Sports,0.826296329498291
814,25,Database Systems Book 25,Books,0.8701621294021606
814,30,Cloud Computing Book 30,Books,0.8662009835243225
814,24,AI Fundamentals Book 24,Books,0.8651240468025208
814,26,Operating Systems Book 26,Books,0.8549878597259521
814,22,Data Science Book 22,Books,0.8498804569244385
815,175,Sunscreen 175,Beauty,0.899691104888916
815,171,Face Wash 171,Beauty,0.8660047054290771
815,173,Shampoo 173,Beauty,0.8656779527664185
815,180,Beauty Care Kit 180,Beauty,0.8566726446151733
815,177,Hair Oil 177,Beauty,0.854489266872406
816,94,Window Curtains 94,Home,0.9068869352340698
816,99,Steel Water Bottle 99,Home,0.9055585861206055
816,93,Cotton Bed Sheet 93,Home,0.8999041318893433
816,96,Storage Organizer 96,Home,0.8956213593482971
816,91,Table Lamp 91,Home,0.8814873695373535
817,59,Face Cream 59,Beauty,0.9239980578422546
817,54,Perfume 54,Beauty,0.9234223961830139
817,52,Moisturizer 52,Beauty,0.9098727107048035
817,53,Shampoo 53,Beauty,0.9095280170440674
817,58,Body Lotion 58,Beauty,0.8987734913825989
818,167,Skipping Rope 167,Sports,0.8514024019241333
818,161,Football 161,Sports,0.8274429440498352
818,169,Adjustable Dumbbells 169,Sports,0.8245168328285217
818,162,Cricket Bat 162,Sports,0.8214716911315918
818,163,Badminton Racket 163,Sports,0.820404589176178
819,37,Decorative Cushion 37,Home,0.8896571397781372
819,35,Wall Clock 35,Home,0.8888449668884277
819,34,Window Curtains 34,Home,0.8573099970817566
819,32,Ergonomic Office Chair 32,Home,0.8553550243377686
819,40,Home Decor Set 40,Home,0.8552412986755371
820,43,Badminton Racket 43,Sports,0.9026796221733093
820,42,Cricket Bat 42,Sports,0.8959060311317444
820,47,Skipping Rope 47,Sports,0.8886712789535522
820,45,Gym Gloves 45,Sports,0.8854923844337463
820,50,Fitness Band 50,Sports,0.8836490511894226
821,158,Desk Organizer 158,Home,0.9185662865638733
821,155,Wall Clock 155,Home,0.909645676612854
821,151,Table Lamp 151,Home,0.9068044424057007
821,157,Decorative Cushion 157,Home,0.8971922397613525
821,154,Window Curtains 154,Home,0.8938775658607483
822,112,Moisturizer 112,Beauty,0.8860841393470764
822,115,Sunscreen 115,Beauty,0.8827279806137085
822,113,Shampoo 113,Beauty,0.8818826675415039
822,118,Body Lotion 118,Beauty,0.8645346164703369
822,117,Hair Oil 117,Beauty,0.8600961565971375
823,183,Wireless Headphones 183,Electronics,0.8018900156021118
823,184,Smartwatch 184,Electronics,0.8010694980621338
823,188,Wireless Mouse 188,Electronics,0.7852157354354858
823,181,Smartphone 181,Electronics,0.7821730971336365
823,182,Laptop 182,Electronics,0.7815792560577393
824,149,Algorithms Book 149,Books,0.7709032297134399
824,148,Java Programming Book 148,Books,0.7576389312744141
824,144,AI Fundamentals Book 144,Books,0.7310049533843994
824,145,Database Systems Book 145,Books,0.7305717468261719
824,146,Operating Systems Book 146,Books,0.7197336554527283
825,47,Skipping Rope 47,Sports,0.9343852996826172
825,42,Cricket Bat 42,Sports,0.9323036074638367
825,46,Yoga Mat 46,Sports,0.9240138530731201
825,45,Gym Gloves 45,Sports,0.9138043522834778
825,43,Badminton Racket 43,Sports,0.9134600758552551
826,24,AI Fundamentals Book 24,Books,0.8838234543800354
826,23,Machine Learning Book 23,Books,0.8787268996238708
826,30,Cloud Computing Book 30,Books,0.8747579455375671
826,27,Computer Networks Book 27,Books,0.872517466545105
826,25,Database Systems Book 25,Books,0.8672515749931335
827,122,Laptop 122,Electronics,0.9063460230827332
827,126,Digital Camera 126,Electronics,0.8767024874687195
827,127,Mechanical Keyboard 127,Electronics,0.8726654052734375
827,128,Wireless Mouse 128,Electronics,0.8713284134864807
827,121,Smartphone 121,Electronics,0.8706544637680054
828,162,Cricket Bat 162,Sports,0.8593048453330994
828,163,Badminton Racket 163,Sports,0.8506641387939453
828,166,Yoga Mat 166,Sports,0.8383466601371765
828,165,Gym Gloves 165,Sports,0.8278712630271912
828,169,Adjustable Dumbbells 169,Sports,0.8277336359024048
829,137,Wrist Watch 137,Fashion,0.8503018617630005
829,135,Pullover Hoodie 135,Fashion,0.8402794599533081
829,131,Cotton T-Shirt 131,Fashion,0.8370903134346008
829,132,Slim Fit Jeans 132,Fashion,0.8162596225738525
829,133,Casual Jacket 133,Fashion,0.8038465976715088
830,28,Java Programming Book 28,Books,0.8994156122207642
830,24,AI Fundamentals Book 24,Books,0.8857758641242981
830,25,Database Systems Book 25,Books,0.877142071723938
830,22,Data Science Book 22,Books,0.8760626316070557
830,26,Operating Systems Book 26,Books,0.8739248514175415
831,101,Football 101,Sports,0.714504599571228
831,108,Sports Shoes 108,Sports,0.7130891680717468
831,106,Yoga Mat 106,Sports,0.7009487152099609
831,104,Tennis Ball Set 104,Sports,0.6879884004592896
831,110,Fitness Band 110,Sports,0.6822001338005066
832,149,Algorithms Book 149,Books,0.8722158074378967
832,148,Java Programming Book 148,Books,0.832080066204071
832,150,Cloud Computing Book 150,Books,0.8074389696121216
832,144,AI Fundamentals Book 144,Books,0.79850172996521
832,147,Computer Networks Book 147,Books,0.7970916032791138
833,118,Body Lotion 118,Beauty,0.706026554107666
833,117,Hair Oil 117,Beauty,0.6952078938484192
833,120,Beauty Care Kit 120,Beauty,0.6860603094100952
833,116,Lip Balm 116,Beauty,0.685749888420105
833,112,Moisturizer 112,Beauty,0.6818597316741943
834,175,Sunscreen 175,Beauty,0.9158062934875488
834,178,Body Lotion 178,Beauty,0.9059070944786072
834,173,Shampoo 173,Beauty,0.9039308428764343
834,176,Lip Balm 176,Beauty,0.892223060131073
834,174,Perfume 174,Beauty,0.8891019821166992
835,56,Lip Balm 56,Beauty,0.8073165416717529
835,60,Beauty Care Kit 60,Beauty,0.7963674664497375
835,52,Moisturizer 52,Beauty,0.7897626161575317
835,58,Body Lotion 58,Beauty,0.7884776592254639
835,54,Perfume 54,Beauty,0.7795487642288208
836,133,Casual Jacket 133,Fashion,0.7076509594917297
836,137,Wrist Watch 137,Fashion,0.6833223700523376
836,138,Sunglasses 138,Fashion,0.6691054701805115
836,135,Pullover Hoodie 135,Fashion,0.6669138073921204
836,139,Casual Shoes 139,Fashion,0.6626223921775818
837,15,Pullover Hoodie 15,Fashion,0.9258595705032349
837,19,Casual Shoes 19,Fashion,0.913766086101532
837,14,Running Sneakers 14,Fashion,0.8992347121238708
837,11,Cotton T-Shirt 11,Fashion,0.8902261257171631
837,13,Casual Jacket 13,Fashion,0.8802953958511353
838,161,Football 161,Sports,0.8728745579719543
838,162,Cricket Bat 162,Sports,0.8652368187904358
838,167,Skipping Rope 167,Sports,0.8599697351455688
838,169,Adjustable Dumbbells 169,Sports,0.8399648070335388
838,163,Badminton Racket 163,Sports,0.8246340155601501
839,94,Window Curtains 94,Home,0.8867140412330627
839,96,Storage Organizer 96,Home,0.875550389289856
839,91,Table Lamp 91,Home,0.8667032122612
839,99,Steel Water Bottle 99,Home,0.8666356801986694
839,93,Cotton Bed Sheet 93,Home,0.8629257678985596
840,54,Perfume 54,Beauty,0.8165850639343262
840,53,Shampoo 53,Beauty,0.8138056397438049
840,58,Body Lotion 58,Beauty,0.798646092414856
840,52,Moisturizer 52,Beauty,0.7937704920768738
840,57,Hair Oil 57,Beauty,0.79183030128479
841,71,Cotton T-Shirt 71,Fashion,0.8528497219085693
841,77,Wrist Watch 77,Fashion,0.840450644493103
841,75,Pullover Hoodie 75,Fashion,0.823272705078125
841,79,Casual Shoes 79,Fashion,0.8195157647132874
841,78,Sunglasses 78,Fashion,0.8169270753860474
842,170,Fitness Band 170,Sports,0.8341973423957825
842,165,Gym Gloves 165,Sports,0.831290066242218
842,161,Football 161,Sports,0.8248196244239807
842,168,Sports Shoes 168,Sports,0.8215952515602112
842,169,Adjustable Dumbbells 169,Sports,0.8037751913070679
843,28,Java Programming Book 28,Books,0.8399595618247986
843,30,Cloud Computing Book 30,Books,0.8321329951286316
843,26,Operating Systems Book 26,Books,0.8310805559158325
843,24,AI Fundamentals Book 24,Books,0.8223746418952942
843,27,Computer Networks Book 27,Books,0.8194043636322021
844,179,Face Cream 179,Beauty,0.7557649612426758
844,173,Shampoo 173,Beauty,0.7502115368843079
844,68,Wireless Mouse 68,Electronics,0.7304329872131348
844,61,Smartphone 61,Electronics,0.72969651222229
844,69,Computer Monitor 69,Electronics,0.7263976335525513
845,87,Computer Networks Book 87,Books,0.9136714339256287
845,83,Machine Learning Book 83,Books,0.9003121852874756
845,85,Database Systems Book 85,Books,0.8864319324493408
845,90,Cloud Computing Book 90,Books,0.8757702708244324
845,89,Algorithms Book 89,Books,0.8726438283920288
846,99,Steel Water Bottle 99,Home,0.8424791693687439
846,97,Decorative Cushion 97,Home,0.8392509818077087
846,94,Window Curtains 94,Home,0.8277779817581177
846,96,Storage Organizer 96,Home,0.8245212435722351
846,100,Home Decor Set 100,Home,0.7934547066688538
847,175,Sunscreen 175,Beauty,0.8672736883163452
847,179,Face Cream 179,Beauty,0.857978105545044
847,180,Beauty Care Kit 180,Beauty,0.8571511507034302
847,174,Perfume 174,Beauty,0.8453516364097595
847,176,Lip Balm 176,Beauty,0.8272552490234375
848,169,Adjustable Dumbbells 169,Sports,0.8265703320503235
848,162,Cricket Bat 162,Sports,0.821220338344574
848,170,Fitness Band 170,Sports,0.8088346123695374
848,168,Sports Shoes 168,Sports,0.800296425819397
848,167,Skipping Rope 167,Sports,0.795917809009552
849,184,Smartwatch 184,Electronics,0.8480393290519714
849,189,Computer Monitor 189,Electronics,0.8454320430755615
849,183,Wireless Headphones 183,Electronics,0.832525908946991
849,181,Smartphone 181,Electronics,0.8295209407806396
849,182,Laptop 182,Electronics,0.8225876688957214
850,53,Shampoo 53,Beauty,0.8692073225975037
850,59,Face Cream 59,Beauty,0.8587729334831238
850,52,Moisturizer 52,Beauty,0.8451857566833496
850,54,Perfume 54,Beauty,0.8436979651451111
850,56,Lip Balm 56,Beauty,0.8424727916717529
851,198,Sunglasses 198,Fashion,0.8792716860771179
851,194,Running Sneakers 194,Fashion,0.8647218942642212
851,192,Slim Fit Jeans 192,Fashion,0.8643777370452881
851,193,Casual Jacket 193,Fashion,0.8589524030685425
851,106,Yoga Mat 106,Sports,0.8450760841369629
852,181,Smartphone 181,Electronics,0.8237331509590149
852,182,Laptop 182,Electronics,0.8169491291046143
852,183,Wireless Headphones 183,Electronics,0.8071598410606384
852,184,Smartwatch 184,Electronics,0.8069779276847839
852,189,Computer Monitor 189,Electronics,0.802557647228241
853,5,Tablet 5,Electronics,0.7818251848220825
853,1,Smartphone 1,Electronics,0.7780987024307251
853,2,Laptop 2,Electronics,0.7765903472900391
853,10,Bluetooth Speaker 10,Electronics,0.7672105431556702
853,24,AI Fundamentals Book 24,Books,0.7450416088104248
854,15,Pullover Hoodie 15,Fashion,0.6695853471755981
854,14,Running Sneakers 14,Fashion,0.6630182266235352
854,13,Casual Jacket 13,Fashion,0.6491593718528748
854,19,Casual Shoes 19,Fashion,0.6485096216201782
854,11,Cotton T-Shirt 11,Fashion,0.6348127722740173
855,87,Computer Networks Book 87,Books,0.8214349746704102
855,86,Operating Systems Book 86,Books,0.801737368106842
855,83,Machine Learning Book 83,Books,0.7998988628387451
855,90,Cloud Computing Book 90,Books,0.790797233581543
855,84,AI Fundamentals Book 84,Books,0.7905522584915161
856,184,Smartwatch 184,Electronics,0.7694864869117737
856,183,Wireless Headphones 183,Electronics,0.7645086646080017
856,188,Wireless Mouse 188,Electronics,0.7458902597427368
856,185,Tablet 185,Electronics,0.7393314838409424
856,189,Computer Monitor 189,Electronics,0.7292476892471313
857,193,Casual Jacket 193,Fashion,0.7683629989624023
857,194,Running Sneakers 194,Fashion,0.767717182636261
857,197,Wrist Watch 197,Fashion,0.7456631064414978
857,192,Slim Fit Jeans 192,Fashion,0.7434965372085571
857,196,Travel Backpack 196,Fashion,0.7346784472465515
858,158,Desk Organizer 158,Home,0.863181471824646
858,152,Ergonomic Office Chair 152,Home,0.8487393856048584
858,151,Table Lamp 151,Home,0.845622181892395
858,154,Window Curtains 154,Home,0.8392066359519958
858,155,Wall Clock 155,Home,0.8358001708984375
859,94,Window Curtains 94,Home,0.6829514503479004
859,91,Table Lamp 91,Home,0.6697269678115845
859,99,Steel Water Bottle 99,Home,0.6678820252418518
859,95,Wall Clock 95,Home,0.6599634289741516
859,96,Storage Organizer 96,Home,0.6591892838478088
860,75,Pullover Hoodie 75,Fashion,0.824285626411438
860,78,Sunglasses 78,Fashion,0.8077516555786133
860,79,Casual Shoes 79,Fashion,0.8038705587387085
860,76,Travel Backpack 76,Fashion,0.7977111339569092
860,77,Wrist Watch 77,Fashion,0.7796390056610107
861,99,Steel Water Bottle 99,Home,0.8764210343360901
861,96,Storage Organizer 96,Home,0.8551401495933533
861,94,Window Curtains 94,Home,0.8447217345237732
861,97,Decorative Cushion 97,Home,0.8270727396011353
861,95,Wall Clock 95,Home,0.8211406469345093
862,22,Data Science Book 22,Books,0.8926997184753418
862,30,Cloud Computing Book 30,Books,0.8748676180839539
862,27,Computer Networks Book 27,Books,0.8642985224723816
862,23,Machine Learning Book 23,Books,0.8601099252700806
862,25,Database Systems Book 25,Books,0.8570680022239685
863,54,Perfume 54,Beauty,0.7779991626739502
863,57,Hair Oil 57,Beauty,0.7764409780502319
863,53,Shampoo 53,Beauty,0.7477418780326843
863,52,Moisturizer 52,Beauty,0.7462283372879028
863,59,Face Cream 59,Beauty,0.7372615337371826
864,137,Wrist Watch 137,Fashion,0.9183731079101562
864,135,Pullover Hoodie 135,Fashion,0.9133836030960083
864,138,Sunglasses 138,Fashion,0.9052922129631042
864,133,Casual Jacket 133,Fashion,0.8979529142379761
864,136,Travel Backpack 136,Fashion,0.8830870389938354
865,149,Algorithms Book 149,Books,0.8317537903785706
865,141,Python Programming Book 141,Books,0.8242127895355225
865,146,Operating Systems Book 146,Books,0.8164125680923462
865,142,Data Science Book 142,Books,0.815028190612793
865,144,AI Fundamentals Book 144,Books,0.8138589859008789
866,104,Tennis Ball Set 104,Sports,0.8459442853927612
866,106,Yoga Mat 106,Sports,0.8397644758224487
866,101,Football 101,Sports,0.8223873376846313
866,103,Badminton Racket 103,Sports,0.8187941908836365
866,108,Sports Shoes 108,Sports,0.8082775473594666
867,42,Cricket Bat 42,Sports,0.7904968857765198
867,45,Gym Gloves 45,Sports,0.7826782464981079
867,46,Yoga Mat 46,Sports,0.7455844879150391
867,50,Fitness Band 50,Sports,0.7455558180809021
867,44,Tennis Ball Set 44,Sports,0.7433201670646667
868,104,Tennis Ball Set 104,Sports,0.8653969168663025
868,101,Football 101,Sports,0.8585799336433411
868,106,Yoga Mat 106,Sports,0.8369741439819336
868,103,Badminton Racket 103,Sports,0.8273442387580872
868,108,Sports Shoes 108,Sports,0.8262056112289429
869,125,Tablet 125,Electronics,0.8107540011405945
869,126,Digital Camera 126,Electronics,0.8060296177864075
869,127,Mechanical Keyboard 127,Electronics,0.8058671355247498
869,123,Wireless Headphones 123,Electronics,0.8057177662849426
869,122,Laptop 122,Electronics,0.7995556592941284
870,114,Perfume 114,Beauty,0.7260809540748596
870,112,Moisturizer 112,Beauty,0.7142549753189087
870,118,Body Lotion 118,Beauty,0.711317241191864
870,111,Face Wash 111,Beauty,0.6975589394569397
870,113,Shampoo 113,Beauty,0.6928099989891052
871,179,Face Cream 179,Beauty,0.9169025421142578
871,175,Sunscreen 175,Beauty,0.8981819748878479
871,176,Lip Balm 176,Beauty,0.8788403272628784
871,180,Beauty Care Kit 180,Beauty,0.8608289361000061
871,177,Hair Oil 177,Beauty,0.851188063621521
872,101,Football 101,Sports,0.8753787875175476
872,106,Yoga Mat 106,Sports,0.8624012470245361
872,104,Tennis Ball Set 104,Sports,0.8538297414779663
872,103,Badminton Racket 103,Sports,0.8537214398384094
872,108,Sports Shoes 108,Sports,0.8468789458274841
873,150,Cloud Computing Book 150,Books,0.898148775100708
873,149,Algorithms Book 149,Books,0.8926994800567627
873,141,Python Programming Book 141,Books,0.8839821815490723
873,146,Operating Systems Book 146,Books,0.8699873685836792
873,144,AI Fundamentals Book 144,Books,0.8599926233291626
874,149,Algorithms Book 149,Books,0.8234876990318298
874,141,Python Programming Book 141,Books,0.8122434020042419
874,83,Machine Learning Book 83,Books,0.8082547187805176
874,143,Machine Learning Book 143,Books,0.807317316532135
874,87,Computer Networks Book 87,Books,0.8042579293251038
875,78,Sunglasses 78,Fashion,0.9153154492378235
875,76,Travel Backpack 76,Fashion,0.8983017802238464
875,72,Slim Fit Jeans 72,Fashion,0.8910019397735596
875,80,Baseball Cap 80,Fashion,0.8880338072776794
875,77,Wrist Watch 77,Fashion,0.8816456198692322
876,35,Wall Clock 35,Home,0.7851666212081909
876,32,Ergonomic Office Chair 32,Home,0.7651145458221436
876,37,Decorative Cushion 37,Home,0.754288375377655
876,34,Window Curtains 34,Home,0.7276986241340637
876,38,Desk Organizer 38,Home,0.7227024435997009
877,99,Steel Water Bottle 99,Home,0.9244471192359924
877,97,Decorative Cushion 97,Home,0.9071783423423767
877,96,Storage Organizer 96,Home,0.9008313417434692
877,93,Cotton Bed Sheet 93,Home,0.8953707814216614
877,100,Home Decor Set 100,Home,0.8898022174835205
878,194,Running Sneakers 194,Fashion,0.8907712697982788
878,197,Wrist Watch 197,Fashion,0.8853565454483032
878,192,Slim Fit Jeans 192,Fashion,0.86753249168396
878,196,Travel Backpack 196,Fashion,0.8616742491722107
878,193,Casual Jacket 193,Fashion,0.832983672618866
879,78,Sunglasses 78,Fashion,0.9105106592178345
879,72,Slim Fit Jeans 72,Fashion,0.8903270959854126
879,79,Casual Shoes 79,Fashion,0.8887782692909241
879,76,Travel Backpack 76,Fashion,0.8822773098945618
879,71,Cotton T-Shirt 71,Fashion,0.8813053965568542
880,101,Football 101,Sports,0.8430546522140503
880,109,Adjustable Dumbbells 109,Sports,0.8377379775047302
880,107,Skipping Rope 107,Sports,0.8373417258262634
880,106,Yoga Mat 106,Sports,0.8310188055038452
880,103,Badminton Racket 103,Sports,0.8286466598510742
881,107,Skipping Rope 107,Sports,0.9420080184936523
881,102,Cricket Bat 102,Sports,0.9419221878051758
881,106,Yoga Mat 106,Sports,0.9354081153869629
881,110,Fitness Band 110,Sports,0.9346637725830078
881,105,Gym Gloves 105,Sports,0.9317712187767029
882,58,Body Lotion 58,Beauty,0.8286474347114563
882,54,Perfume 54,Beauty,0.8188177943229675
882,53,Shampoo 53,Beauty,0.8171671628952026
882,52,Moisturizer 52,Beauty,0.8061342239379883
882,56,Lip Balm 56,Beauty,0.804798424243927
883,162,Cricket Bat 162,Sports,0.7940353751182556
883,164,Tennis Ball Set 164,Sports,0.7732452750205994
883,161,Football 161,Sports,0.755898654460907
883,168,Sports Shoes 168,Sports,0.7527045011520386
883,167,Skipping Rope 167,Sports,0.7481129169464111
884,155,Wall Clock 155,Home,0.843073844909668
884,151,Table Lamp 151,Home,0.8373990058898926
884,154,Window Curtains 154,Home,0.8179226517677307
884,152,Ergonomic Office Chair 152,Home,0.8151903748512268
884,158,Desk Organizer 158,Home,0.8148494958877563
885,158,Desk Organizer 158,Home,0.8871023654937744
885,151,Table Lamp 151,Home,0.8707302808761597
885,157,Decorative Cushion 157,Home,0.8493835926055908
885,155,Wall Clock 155,Home,0.8482347726821899
885,154,Window Curtains 154,Home,0.8445862531661987
886,25,Database Systems Book 25,Books,0.9252408742904663
886,24,AI Fundamentals Book 24,Books,0.9236058592796326
886,30,Cloud Computing Book 30,Books,0.9119611382484436
886,26,Operating Systems Book 26,Books,0.9054064154624939
886,27,Computer Networks Book 27,Books,0.9017167091369629
887,164,Tennis Ball Set 164,Sports,0.9472623467445374
887,162,Cricket Bat 162,Sports,0.9445178508758545
887,167,Skipping Rope 167,Sports,0.8999843597412109
887,168,Sports Shoes 168,Sports,0.8966007232666016
887,170,Fitness Band 170,Sports,0.8927742838859558
888,72,Slim Fit Jeans 72,Fashion,0.859647274017334
888,74,Running Sneakers 74,Fashion,0.8300514817237854
888,79,Casual Shoes 79,Fashion,0.8192599415779114
888,80,Baseball Cap 80,Fashion,0.801408588886261
888,73,Casual Jacket 73,Fashion,0.7820653915405273
889,184,Smartwatch 184,Electronics,0.9114634990692139
889,181,Smartphone 181,Electronics,0.8848115801811218
889,183,Wireless Headphones 183,Electronics,0.8828840255737305
889,188,Wireless Mouse 188,Electronics,0.8762047290802002
889,185,Tablet 185,Electronics,0.8739352822303772
890,12,Slim Fit Jeans 12,Fashion,0.6808284521102905
890,17,Wrist Watch 17,Fashion,0.678874135017395
890,18,Sunglasses 18,Fashion,0.6694795489311218
890,19,Casual Shoes 19,Fashion,0.663747251033783
890,16,Travel Backpack 16,Fashion,0.661588191986084
891,194,Running Sneakers 194,Fashion,0.7774732112884521
891,192,Slim Fit Jeans 192,Fashion,0.7760028839111328
891,151,Table Lamp 151,Home,0.7522215247154236
891,196,Travel Backpack 196,Fashion,0.7505133152008057
891,154,Window Curtains 154,Home,0.7490206956863403
892,151,Table Lamp 151,Home,0.9064569473266602
892,158,Desk Organizer 158,Home,0.9013709425926208
892,155,Wall Clock 155,Home,0.8927841186523438
892,153,Cotton Bed Sheet 153,Home,0.8614572882652283
892,152,Ergonomic Office Chair 152,Home,0.8580452799797058
893,175,Sunscreen 175,Beauty,0.8982837796211243
893,180,Beauty Care Kit 180,Beauty,0.8779046535491943
893,176,Lip Balm 176,Beauty,0.8577829599380493
893,174,Perfume 174,Beauty,0.8574285507202148
893,179,Face Cream 179,Beauty,0.8554731011390686
894,37,Decorative Cushion 37,Home,0.852044403553009
894,31,Table Lamp 31,Home,0.8510097861289978
894,40,Home Decor Set 40,Home,0.8350803256034851
894,32,Ergonomic Office Chair 32,Home,0.8247489333152771
894,35,Wall Clock 35,Home,0.8220316767692566
895,45,Gym Gloves 45,Sports,0.9223945736885071
895,46,Yoga Mat 46,Sports,0.912266194820404
895,42,Cricket Bat 42,Sports,0.8993895053863525
895,47,Skipping Rope 47,Sports,0.8976980447769165
895,43,Badminton Racket 43,Sports,0.897404670715332
896,114,Perfume 114,Beauty,0.8684347867965698
896,118,Body Lotion 118,Beauty,0.8480836153030396
896,116,Lip Balm 116,Beauty,0.8423376083374023
896,117,Hair Oil 117,Beauty,0.8423309326171875
896,111,Face Wash 111,Beauty,0.8368037343025208
897,118,Body Lotion 118,Beauty,0.8837546110153198
897,113,Shampoo 113,Beauty,0.8677857518196106
897,112,Moisturizer 112,Beauty,0.8661823868751526
897,115,Sunscreen 115,Beauty,0.8566725850105286
897,114,Perfume 114,Beauty,0.8514200448989868
898,125,Tablet 125,Electronics,0.8532634377479553
898,127,Mechanical Keyboard 127,Electronics,0.8295660018920898
898,130,Bluetooth Speaker 130,Electronics,0.8260656595230103
898,126,Digital Camera 126,Electronics,0.8193256855010986
898,121,Smartphone 121,Electronics,0.8145701289176941
899,183,Wireless Headphones 183,Electronics,0.6441864371299744
899,182,Laptop 182,Electronics,0.6425690650939941
899,189,Computer Monitor 189,Electronics,0.6385950446128845
899,181,Smartphone 181,Electronics,0.6343216896057129
899,184,Smartwatch 184,Electronics,0.6290484666824341
900,61,Smartphone 61,Electronics,0.8253915309906006
900,69,Computer Monitor 69,Electronics,0.799228847026825
900,63,Wireless Headphones 63,Electronics,0.7911058068275452
900,68,Wireless Mouse 68,Electronics,0.7880396842956543
900,70,Bluetooth Speaker 70,Electronics,0.7701829671859741
901,175,Sunscreen 175,Beauty,0.8983879089355469
901,179,Face Cream 179,Beauty,0.8739808201789856
901,177,Hair Oil 177,Beauty,0.8626484870910645
901,173,Shampoo 173,Beauty,0.8585208654403687
901,171,Face Wash 171,Beauty,0.855588972568512
902,25,Database Systems Book 25,Books,0.8863217234611511
902,24,AI Fundamentals Book 24,Books,0.8739398717880249
902,30,Cloud Computing Book 30,Books,0.8585734367370605
902,26,Operating Systems Book 26,Books,0.8549143075942993
902,29,Algorithms Book 29,Books,0.848809003829956
903,162,Cricket Bat 162,Sports,0.8985050916671753
903,169,Adjustable Dumbbells 169,Sports,0.8703464865684509
903,164,Tennis Ball Set 164,Sports,0.8679741621017456
903,170,Fitness Band 170,Sports,0.8679364919662476
903,167,Skipping Rope 167,Sports,0.8675402998924255
904,175,Sunscreen 175,Beauty,0.8399533033370972
904,180,Beauty Care Kit 180,Beauty,0.8160764575004578
904,179,Face Cream 179,Beauty,0.8046711683273315
904,176,Lip Balm 176,Beauty,0.7975009083747864
904,177,Hair Oil 177,Beauty,0.7954003214836121
905,197,Wrist Watch 197,Fashion,0.8508516550064087
905,194,Running Sneakers 194,Fashion,0.8375698924064636
905,192,Slim Fit Jeans 192,Fashion,0.8368576765060425
905,196,Travel Backpack 196,Fashion,0.8096804022789001
905,198,Sunglasses 198,Fashion,0.7991906404495239
906,42,Cricket Bat 42,Sports,0.783160388469696
906,45,Gym Gloves 45,Sports,0.7764542102813721
906,50,Fitness Band 50,Sports,0.763930082321167
906,43,Badminton Racket 43,Sports,0.7545868754386902
906,44,Tennis Ball Set 44,Sports,0.7484912276268005
907,121,Smartphone 121,Electronics,0.9539580941200256
907,127,Mechanical Keyboard 127,Electronics,0.9421651363372803
907,125,Tablet 125,Electronics,0.9340602159500122
907,126,Digital Camera 126,Electronics,0.9308267831802368
907,130,Bluetooth Speaker 130,Electronics,0.9166271090507507
908,104,Tennis Ball Set 104,Sports,0.8274135589599609
908,106,Yoga Mat 106,Sports,0.8091717958450317
908,101,Football 101,Sports,0.8000836372375488
908,108,Sports Shoes 108,Sports,0.7986286282539368
908,103,Badminton Racket 103,Sports,0.7855676412582397
909,118,Body Lotion 118,Beauty,0.854532778263092
909,117,Hair Oil 117,Beauty,0.8529666662216187
909,120,Beauty Care Kit 120,Beauty,0.838299036026001
909,116,Lip Balm 116,Beauty,0.8142734169960022
909,112,Moisturizer 112,Beauty,0.8130136728286743
910,70,Bluetooth Speaker 70,Electronics,0.8946279287338257
910,69,Computer Monitor 69,Electronics,0.8876087665557861
910,67,Mechanical Keyboard 67,Electronics,0.8657922744750977
910,66,Digital Camera 66,Electronics,0.8578839898109436
910,65,Tablet 65,Electronics,0.8571386337280273
911,161,Football 161,Sports,0.8981887102127075
911,165,Gym Gloves 165,Sports,0.8856464624404907
911,169,Adjustable Dumbbells 169,Sports,0.8739952445030212
911,168,Sports Shoes 168,Sports,0.8736041188240051
911,163,Badminton Racket 163,Sports,0.8662618398666382
912,164,Tennis Ball Set 164,Sports,0.8468906879425049
912,162,Cricket Bat 162,Sports,0.8340173959732056
912,167,Skipping Rope 167,Sports,0.8123592138290405
912,168,Sports Shoes 168,Sports,0.8035482168197632
912,161,Football 161,Sports,0.8016157746315002
913,17,Wrist Watch 17,Fashion,0.8261184096336365
913,13,Casual Jacket 13,Fashion,0.8077210187911987
913,14,Running Sneakers 14,Fashion,0.8041130900382996
913,19,Casual Shoes 19,Fashion,0.7966685891151428
913,15,Pullover Hoodie 15,Fashion,0.7958081364631653
914,101,Football 101,Sports,0.8134928345680237
914,106,Yoga Mat 106,Sports,0.7849946618080139
914,107,Skipping Rope 107,Sports,0.7746803760528564
914,110,Fitness Band 110,Sports,0.767724871635437
914,103,Badminton Racket 103,Sports,0.757636547088623
915,168,Sports Shoes 168,Sports,0.8286947011947632
915,170,Fitness Band 170,Sports,0.8272066116333008
915,161,Football 161,Sports,0.8241094946861267
915,162,Cricket Bat 162,Sports,0.8236945867538452
915,165,Gym Gloves 165,Sports,0.8210420608520508
916,42,Cricket Bat 42,Sports,0.8907933831214905
916,50,Fitness Band 50,Sports,0.884589433670044
916,43,Badminton Racket 43,Sports,0.8799442052841187
916,45,Gym Gloves 45,Sports,0.8791006207466125
916,47,Skipping Rope 47,Sports,0.8778442740440369
917,161,Football 161,Sports,0.8268597722053528
917,162,Cricket Bat 162,Sports,0.8266151547431946
917,167,Skipping Rope 167,Sports,0.8006962537765503
917,163,Badminton Racket 163,Sports,0.7923504710197449
917,169,Adjustable Dumbbells 169,Sports,0.7717482447624207
918,106,Yoga Mat 106,Sports,0.9307732582092285
918,104,Tennis Ball Set 104,Sports,0.9165635108947754
918,103,Badminton Racket 103,Sports,0.9112952351570129
918,107,Skipping Rope 107,Sports,0.9084012508392334
918,101,Football 101,Sports,0.902388334274292
919,101,Football 101,Sports,0.922748863697052
919,107,Skipping Rope 107,Sports,0.895218014717102
919,102,Cricket Bat 102,Sports,0.889655351638794
919,110,Fitness Band 110,Sports,0.8789365887641907
919,106,Yoga Mat 106,Sports,0.8716922402381897
920,125,Tablet 125,Electronics,0.8356070518493652
920,123,Wireless Headphones 123,Electronics,0.8296840786933899
920,130,Bluetooth Speaker 130,Electronics,0.8258624076843262
920,122,Laptop 122,Electronics,0.8228999972343445
920,127,Mechanical Keyboard 127,Electronics,0.8132010698318481
921,93,Cotton Bed Sheet 93,Home,0.8884260654449463
921,97,Decorative Cushion 97,Home,0.8861664533615112
921,99,Steel Water Bottle 99,Home,0.8833935260772705
921,96,Storage Organizer 96,Home,0.8758995532989502
921,94,Window Curtains 94,Home,0.8668534755706787
922,106,Yoga Mat 106,Sports,0.8453553318977356
922,108,Sports Shoes 108,Sports,0.8345226049423218
922,104,Tennis Ball Set 104,Sports,0.8314551115036011
922,103,Badminton Racket 103,Sports,0.8225234746932983
922,110,Fitness Band 110,Sports,0.8153942823410034
923,165,Gym Gloves 165,Sports,0.845487654209137
923,161,Football 161,Sports,0.8224537372589111
923,168,Sports Shoes 168,Sports,0.7930611968040466
923,164,Tennis Ball Set 164,Sports,0.7898432016372681
923,170,Fitness Band 170,Sports,0.7887019515037537
924,155,Wall Clock 155,Home,0.849854588508606
924,158,Desk Organizer 158,Home,0.8391711115837097
924,152,Ergonomic Office Chair 152,Home,0.8268349766731262
924,154,Window Curtains 154,Home,0.8167582750320435
924,153,Cotton Bed Sheet 153,Home,0.8130970597267151
925,91,Table Lamp 91,Home,0.8806567192077637
925,94,Window Curtains 94,Home,0.8797479867935181
925,95,Wall Clock 95,Home,0.8716664910316467
925,93,Cotton Bed Sheet 93,Home,0.8655610680580139
925,97,Decorative Cushion 97,Home,0.8642703294754028
926,10,Bluetooth Speaker 10,Electronics,0.8751755356788635
926,9,Computer Monitor 9,Electronics,0.8564444780349731
926,8,Wireless Mouse 8,Electronics,0.8298870325088501
926,5,Tablet 5,Electronics,0.8167706727981567
926,6,Digital Camera 6,Electronics,0.8124122619628906
927,106,Yoga Mat 106,Sports,0.9263058304786682
927,103,Badminton Racket 103,Sports,0.9116286635398865
927,107,Skipping Rope 107,Sports,0.9028270840644836
927,104,Tennis Ball Set 104,Sports,0.9013756513595581
927,109,Adjustable Dumbbells 109,Sports,0.9005718231201172
928,137,Wrist Watch 137,Fashion,0.8612405061721802
928,135,Pullover Hoodie 135,Fashion,0.8550400733947754
928,131,Cotton T-Shirt 131,Fashion,0.8319729566574097
928,133,Casual Jacket 133,Fashion,0.8212771415710449
928,132,Slim Fit Jeans 132,Fashion,0.8104206323623657
929,94,Window Curtains 94,Home,0.8999217748641968
929,97,Decorative Cushion 97,Home,0.8972356915473938
929,99,Steel Water Bottle 99,Home,0.8920162916183472
929,93,Cotton Bed Sheet 93,Home,0.8831589818000793
929,96,Storage Organizer 96,Home,0.8769938945770264
930,194,Running Sneakers 194,Fashion,0.8208158612251282
930,192,Slim Fit Jeans 192,Fashion,0.807573139667511
930,197,Wrist Watch 197,Fashion,0.8037914633750916
930,196,Travel Backpack 196,Fashion,0.7844493985176086
930,195,Pullover Hoodie 195,Fashion,0.7593291997909546
931,87,Computer Networks Book 87,Books,0.8186734914779663
931,85,Database Systems Book 85,Books,0.797491192817688
931,86,Operating Systems Book 86,Books,0.7904888987541199
931,83,Machine Learning Book 83,Books,0.7887210845947266
931,89,Algorithms Book 89,Books,0.7880040407180786
932,188,Wireless Mouse 188,Electronics,0.9211816191673279
932,184,Smartwatch 184,Electronics,0.9135926961898804
932,183,Wireless Headphones 183,Electronics,0.9070244431495667
932,187,Mechanical Keyboard 187,Electronics,0.9069154858589172
932,181,Smartphone 181,Electronics,0.8887675404548645
933,17,Wrist Watch 17,Fashion,0.8392179012298584
933,14,Running Sneakers 14,Fashion,0.8215723037719727
933,11,Cotton T-Shirt 11,Fashion,0.8049905300140381
933,13,Casual Jacket 13,Fashion,0.8047565221786499
933,19,Casual Shoes 19,Fashion,0.8045706748962402
934,156,Storage Organizer 156,Home,0.8968440890312195
934,155,Wall Clock 155,Home,0.8760586380958557
934,152,Ergonomic Office Chair 152,Home,0.8618877530097961
934,154,Window Curtains 154,Home,0.8536596894264221
934,158,Desk Organizer 158,Home,0.8502156734466553
935,165,Gym Gloves 165,Sports,0.8240063786506653
935,169,Adjustable Dumbbells 169,Sports,0.8069260716438293
935,162,Cricket Bat 162,Sports,0.8064560294151306
935,161,Football 161,Sports,0.8040452003479004
935,167,Skipping Rope 167,Sports,0.8010914325714111
936,123,Wireless Headphones 123,Electronics,0.8854341506958008
936,127,Mechanical Keyboard 127,Electronics,0.8852630853652954
936,126,Digital Camera 126,Electronics,0.883772611618042
936,125,Tablet 125,Electronics,0.8769959807395935
936,121,Smartphone 121,Electronics,0.875617504119873
937,78,Sunglasses 78,Fashion,0.8729626536369324
937,73,Casual Jacket 73,Fashion,0.8564586043357849
937,71,Cotton T-Shirt 71,Fashion,0.8479639291763306
937,76,Travel Backpack 76,Fashion,0.8476132154464722
937,77,Wrist Watch 77,Fashion,0.8464958071708679
938,186,Digital Camera 186,Electronics,0.8234124183654785
938,188,Wireless Mouse 188,Electronics,0.7927703857421875
938,181,Smartphone 181,Electronics,0.786348283290863
938,183,Wireless Headphones 183,Electronics,0.7852526903152466
938,182,Laptop 182,Electronics,0.7650074362754822
939,68,Wireless Mouse 68,Electronics,0.8459203243255615
939,63,Wireless Headphones 63,Electronics,0.8177696466445923
939,69,Computer Monitor 69,Electronics,0.8026692271232605
939,70,Bluetooth Speaker 70,Electronics,0.7975077629089355
939,65,Tablet 65,Electronics,0.7969843149185181
940,149,Algorithms Book 149,Books,0.8347401022911072
940,142,Data Science Book 142,Books,0.8325486779212952
940,150,Cloud Computing Book 150,Books,0.8175222873687744
940,141,Python Programming Book 141,Books,0.809249997138977
940,145,Database Systems Book 145,Books,0.8018991947174072
941,137,Wrist Watch 137,Fashion,0.8525944948196411
941,132,Slim Fit Jeans 132,Fashion,0.8452985286712646
941,131,Cotton T-Shirt 131,Fashion,0.8452238440513611
941,136,Travel Backpack 136,Fashion,0.8304039239883423
941,133,Casual Jacket 133,Fashion,0.8183008432388306
942,132,Slim Fit Jeans 132,Fashion,0.7191938757896423
942,133,Casual Jacket 133,Fashion,0.7032034993171692
942,135,Pullover Hoodie 135,Fashion,0.6872743368148804
942,137,Wrist Watch 137,Fashion,0.6848236322402954
942,139,Casual Shoes 139,Fashion,0.6766248345375061
943,137,Wrist Watch 137,Fashion,0.7571408748626709
943,140,Baseball Cap 140,Fashion,0.7509963512420654
943,133,Casual Jacket 133,Fashion,0.7482807040214539
943,136,Travel Backpack 136,Fashion,0.7357491850852966
943,135,Pullover Hoodie 135,Fashion,0.7344406247138977
944,194,Running Sneakers 194,Fashion,0.9149391055107117
944,192,Slim Fit Jeans 192,Fashion,0.8965067863464355
944,197,Wrist Watch 197,Fashion,0.8841782808303833
944,196,Travel Backpack 196,Fashion,0.8730627298355103
944,195,Pullover Hoodie 195,Fashion,0.8542061448097229
945,17,Wrist Watch 17,Fashion,0.833744466304779
945,14,Running Sneakers 14,Fashion,0.8276393413543701
945,13,Casual Jacket 13,Fashion,0.8150057196617126
945,15,Pullover Hoodie 15,Fashion,0.8130197525024414
945,12,Slim Fit Jeans 12,Fashion,0.805585503578186
946,169,Adjustable Dumbbells 169,Sports,0.9155436158180237
946,170,Fitness Band 170,Sports,0.910394549369812
946,165,Gym Gloves 165,Sports,0.8776721954345703
946,167,Skipping Rope 167,Sports,0.8627256155014038
946,168,Sports Shoes 168,Sports,0.8618656992912292
947,175,Sunscreen 175,Beauty,0.8305598497390747
947,179,Face Cream 179,Beauty,0.8298779726028442
947,178,Body Lotion 178,Beauty,0.790703296661377
947,180,Beauty Care Kit 180,Beauty,0.7869147658348083
947,176,Lip Balm 176,Beauty,0.7807961702346802
948,154,Window Curtains 154,Home,0.806627631187439
948,151,Table Lamp 151,Home,0.7814993262290955
948,152,Ergonomic Office Chair 152,Home,0.7746005058288574
948,155,Wall Clock 155,Home,0.7706102728843689
948,159,Steel Water Bottle 159,Home,0.754118800163269
949,125,Tablet 125,Electronics,0.7821874618530273
949,122,Laptop 122,Electronics,0.7512233257293701
949,130,Bluetooth Speaker 130,Electronics,0.7288527488708496
949,129,Computer Monitor 129,Electronics,0.7237917184829712
949,127,Mechanical Keyboard 127,Electronics,0.7210710644721985
950,57,Hair Oil 57,Beauty,0.8808127045631409
950,54,Perfume 54,Beauty,0.8801777958869934
950,53,Shampoo 53,Beauty,0.8341042399406433
950,59,Face Cream 59,Beauty,0.8257973790168762
950,52,Moisturizer 52,Beauty,0.8205251097679138
951,175,Sunscreen 175,Beauty,0.8955771923065186
951,179,Face Cream 179,Beauty,0.8887773156166077
951,180,Beauty Care Kit 180,Beauty,0.8510007858276367
951,178,Body Lotion 178,Beauty,0.8506407737731934
951,176,Lip Balm 176,Beauty,0.8441467881202698
952,175,Sunscreen 175,Beauty,0.8145242929458618
952,180,Beauty Care Kit 180,Beauty,0.7975499629974365
952,179,Face Cream 179,Beauty,0.7920509576797485
952,176,Lip Balm 176,Beauty,0.7917225360870361
952,178,Body Lotion 178,Beauty,0.7831798791885376
953,83,Machine Learning Book 83,Books,0.808493971824646
953,85,Database Systems Book 85,Books,0.787095844745636
953,87,Computer Networks Book 87,Books,0.7840758562088013
953,82,Data Science Book 82,Books,0.7792841792106628
953,81,Python Programming Book 81,Books,0.7514410018920898
954,155,Wall Clock 155,Home,0.7780295014381409
954,158,Desk Organizer 158,Home,0.7752947807312012
954,152,Ergonomic Office Chair 152,Home,0.774936854839325
954,156,Storage Organizer 156,Home,0.7561556100845337
954,153,Cotton Bed Sheet 153,Home,0.7490781545639038
955,78,Sunglasses 78,Fashion,0.9097065925598145
955,76,Travel Backpack 76,Fashion,0.8590347766876221
955,72,Slim Fit Jeans 72,Fashion,0.8546528220176697
955,74,Running Sneakers 74,Fashion,0.854318380355835
955,73,Casual Jacket 73,Fashion,0.851184606552124
956,175,Sunscreen 175,Beauty,0.8792972564697266
956,171,Face Wash 171,Beauty,0.8573712110519409
956,173,Shampoo 173,Beauty,0.8562341928482056
956,180,Beauty Care Kit 180,Beauty,0.8401506543159485
956,179,Face Cream 179,Beauty,0.8399225473403931
957,74,Running Sneakers 74,Fashion,0.8925724625587463
957,79,Casual Shoes 79,Fashion,0.8918860554695129
957,78,Sunglasses 78,Fashion,0.8844059705734253
957,80,Baseball Cap 80,Fashion,0.8807275295257568
957,72,Slim Fit Jeans 72,Fashion,0.8723174929618835
958,99,Steel Water Bottle 99,Home,0.8913530111312866
958,94,Window Curtains 94,Home,0.882992148399353
958,91,Table Lamp 91,Home,0.8816229104995728
958,92,Ergonomic Office Chair 92,Home,0.8801602125167847
958,97,Decorative Cushion 97,Home,0.875309407711029
959,155,Wall Clock 155,Home,0.7556804418563843
959,152,Ergonomic Office Chair 152,Home,0.7536088824272156
959,158,Desk Organizer 158,Home,0.7434802055358887
959,151,Table Lamp 151,Home,0.7410943508148193
959,154,Window Curtains 154,Home,0.7392498850822449
960,156,Storage Organizer 156,Home,0.7772995233535767
960,152,Ergonomic Office Chair 152,Home,0.7622281908988953
960,154,Window Curtains 154,Home,0.7587075233459473
960,157,Decorative Cushion 157,Home,0.7466171979904175
960,155,Wall Clock 155,Home,0.7430165410041809
961,175,Sunscreen 175,Beauty,0.7534723281860352
961,179,Face Cream 179,Beauty,0.735693097114563
961,180,Beauty Care Kit 180,Beauty,0.7313220500946045
961,177,Hair Oil 177,Beauty,0.7158727645874023
961,176,Lip Balm 176,Beauty,0.7111058831214905
962,99,Steel Water Bottle 99,Home,0.9385409355163574
962,97,Decorative Cushion 97,Home,0.9266142845153809
962,100,Home Decor Set 100,Home,0.9213567972183228
962,96,Storage Organizer 96,Home,0.9213188886642456
962,94,Window Curtains 94,Home,0.9002854824066162
963,185,Tablet 185,Electronics,0.7620532512664795
963,189,Computer Monitor 189,Electronics,0.7085963487625122
963,173,Shampoo 173,Beauty,0.6977170705795288
963,184,Smartwatch 184,Electronics,0.694324254989624
963,175,Sunscreen 175,Beauty,0.688525378704071
964,125,Tablet 125,Electronics,0.8636894822120667
964,121,Smartphone 121,Electronics,0.8557381629943848
964,127,Mechanical Keyboard 127,Electronics,0.8494234681129456
964,130,Bluetooth Speaker 130,Electronics,0.8332029581069946
964,126,Digital Camera 126,Electronics,0.8321303129196167
965,42,Cricket Bat 42,Sports,0.630092978477478
965,48,Sports Shoes 48,Sports,0.6215334534645081
965,45,Gym Gloves 45,Sports,0.6125707626342773
965,46,Yoga Mat 46,Sports,0.6046937108039856
965,47,Skipping Rope 47,Sports,0.5954440832138062
966,19,Casual Shoes 19,Fashion,0.7128713130950928
966,11,Cotton T-Shirt 11,Fashion,0.7099329829216003
966,17,Wrist Watch 17,Fashion,0.7006217241287231
966,99,Steel Water Bottle 99,Home,0.6991696357727051
966,12,Slim Fit Jeans 12,Fashion,0.6931727528572083
967,26,Operating Systems Book 26,Books,0.8749035000801086
967,30,Cloud Computing Book 30,Books,0.8647937774658203
967,22,Data Science Book 22,Books,0.8600620627403259
967,29,Algorithms Book 29,Books,0.852970540523529
967,27,Computer Networks Book 27,Books,0.8521690964698792
968,149,Algorithms Book 149,Books,0.7554669976234436
968,141,Python Programming Book 141,Books,0.753216564655304
968,143,Machine Learning Book 143,Books,0.7434807419776917
968,146,Operating Systems Book 146,Books,0.733519434928894
968,150,Cloud Computing Book 150,Books,0.732682466506958
969,155,Wall Clock 155,Home,0.8349663615226746
969,158,Desk Organizer 158,Home,0.8314112424850464
969,152,Ergonomic Office Chair 152,Home,0.8137146830558777
969,154,Window Curtains 154,Home,0.7962128520011902
969,151,Table Lamp 151,Home,0.7959375977516174
970,68,Wireless Mouse 68,Electronics,0.8203786611557007
970,69,Computer Monitor 69,Electronics,0.8171048760414124
970,63,Wireless Headphones 63,Electronics,0.8084255456924438
970,61,Smartphone 61,Electronics,0.800498366355896
970,70,Bluetooth Speaker 70,Electronics,0.8004801273345947
971,83,Machine Learning Book 83,Books,0.808188259601593
971,85,Database Systems Book 85,Books,0.8015623092651367
971,87,Computer Networks Book 87,Books,0.7966861128807068
971,90,Cloud Computing Book 90,Books,0.7942438721656799
971,84,AI Fundamentals Book 84,Books,0.7941523790359497
972,83,Machine Learning Book 83,Books,0.9303380846977234
972,87,Computer Networks Book 87,Books,0.9292508959770203
972,89,Algorithms Book 89,Books,0.9004256129264832
972,85,Database Systems Book 85,Books,0.8967448472976685
972,86,Operating Systems Book 86,Books,0.8882564306259155
973,37,Decorative Cushion 37,Home,0.871759831905365
973,40,Home Decor Set 40,Home,0.866488516330719
973,34,Window Curtains 34,Home,0.8649294972419739
973,31,Table Lamp 31,Home,0.864865243434906
973,35,Wall Clock 35,Home,0.8499980568885803
974,188,Wireless Mouse 188,Electronics,0.8721094727516174
974,184,Smartwatch 184,Electronics,0.862907886505127
974,183,Wireless Headphones 183,Electronics,0.8572578430175781
974,75,Pullover Hoodie 75,Fashion,0.8408377766609192
974,187,Mechanical Keyboard 187,Electronics,0.8397243618965149
975,71,Cotton T-Shirt 71,Fashion,0.8744641542434692
975,77,Wrist Watch 77,Fashion,0.8734841346740723
975,78,Sunglasses 78,Fashion,0.8691281080245972
975,73,Casual Jacket 73,Fashion,0.8636330962181091
975,76,Travel Backpack 76,Fashion,0.8609330058097839
976,161,Football 161,Sports,0.7736923694610596
976,167,Skipping Rope 167,Sports,0.766996443271637
976,165,Gym Gloves 165,Sports,0.7532753944396973
976,169,Adjustable Dumbbells 169,Sports,0.746782124042511
976,163,Badminton Racket 163,Sports,0.7459315657615662
977,71,Cotton T-Shirt 71,Fashion,0.8125730156898499
977,78,Sunglasses 78,Fashion,0.8081980347633362
977,77,Wrist Watch 77,Fashion,0.8020663261413574
977,73,Casual Jacket 73,Fashion,0.8008723258972168
977,76,Travel Backpack 76,Fashion,0.7996267676353455
978,37,Decorative Cushion 37,Home,0.8767192363739014
978,31,Table Lamp 31,Home,0.8544411063194275
978,40,Home Decor Set 40,Home,0.8343428373336792
978,35,Wall Clock 35,Home,0.8330750465393066
978,33,Cotton Bed Sheet 33,Home,0.8319580554962158
979,101,Football 101,Sports,0.9074832797050476
979,106,Yoga Mat 106,Sports,0.8830000758171082
979,107,Skipping Rope 107,Sports,0.8558167815208435
979,103,Badminton Racket 103,Sports,0.8488048911094666
979,110,Fitness Band 110,Sports,0.845109224319458
980,40,Home Decor Set 40,Home,0.7058617472648621
980,37,Decorative Cushion 37,Home,0.68841552734375
980,34,Window Curtains 34,Home,0.6799419522285461
980,33,Cotton Bed Sheet 33,Home,0.6780608296394348
980,35,Wall Clock 35,Home,0.6776383519172668
981,10,Bluetooth Speaker 10,Electronics,0.8093529939651489
981,8,Wireless Mouse 8,Electronics,0.796425461769104
981,5,Tablet 5,Electronics,0.7902926802635193
981,2,Laptop 2,Electronics,0.7753547430038452
981,6,Digital Camera 6,Electronics,0.7688292264938354
982,59,Face Cream 59,Beauty,0.8264210820198059
982,54,Perfume 54,Beauty,0.8093220591545105
982,53,Shampoo 53,Beauty,0.8042916059494019
982,57,Hair Oil 57,Beauty,0.7971360683441162
982,52,Moisturizer 52,Beauty,0.7953118085861206
983,155,Wall Clock 155,Home,0.9078975319862366
983,158,Desk Organizer 158,Home,0.8932201862335205
983,152,Ergonomic Office Chair 152,Home,0.8908282518386841
983,154,Window Curtains 154,Home,0.8878614902496338
983,151,Table Lamp 151,Home,0.8848975896835327
984,96,Storage Organizer 96,Home,0.9518147110939026
984,94,Window Curtains 94,Home,0.9353363513946533
984,99,Steel Water Bottle 99,Home,0.9328532218933105
984,97,Decorative Cushion 97,Home,0.9300039410591125
984,91,Table Lamp 91,Home,0.9173098206520081
985,99,Steel Water Bottle 99,Home,0.870996356010437
985,97,Decorative Cushion 97,Home,0.8537569642066956
985,96,Storage Organizer 96,Home,0.8508756756782532
985,94,Window Curtains 94,Home,0.8213419318199158
985,98,Desk Organizer 98,Home,0.8110769391059875
986,24,AI Fundamentals Book 24,Books,0.8635661602020264
986,22,Data Science Book 22,Books,0.8610712885856628
986,29,Algorithms Book 29,Books,0.8592763543128967
986,23,Machine Learning Book 23,Books,0.8539415001869202
986,25,Database Systems Book 25,Books,0.8387958407402039
987,71,Cotton T-Shirt 71,Fashion,0.8411484956741333
987,74,Running Sneakers 74,Fashion,0.8146373629570007
987,79,Casual Shoes 79,Fashion,0.813443660736084
987,76,Travel Backpack 76,Fashion,0.8117029070854187
987,77,Wrist Watch 77,Fashion,0.8041481375694275
988,12,Slim Fit Jeans 12,Fashion,0.7553743124008179
988,18,Sunglasses 18,Fashion,0.7357381582260132
988,17,Wrist Watch 17,Fashion,0.7091212272644043
988,13,Casual Jacket 13,Fashion,0.7014938592910767
988,16,Travel Backpack 16,Fashion,0.699648916721344
989,132,Slim Fit Jeans 132,Fashion,0.9339231252670288
989,137,Wrist Watch 137,Fashion,0.8981009125709534
989,138,Sunglasses 138,Fashion,0.8884205222129822
989,135,Pullover Hoodie 135,Fashion,0.8746424317359924
989,136,Travel Backpack 136,Fashion,0.8689572215080261
990,15,Pullover Hoodie 15,Fashion,0.8727162480354309
990,19,Casual Shoes 19,Fashion,0.8624123334884644
990,13,Casual Jacket 13,Fashion,0.8609892725944519
990,18,Sunglasses 18,Fashion,0.8536068797111511
990,17,Wrist Watch 17,Fashion,0.8532394170761108
991,155,Wall Clock 155,Home,0.9314471483230591
991,156,Storage Organizer 156,Home,0.9300931096076965
991,158,Desk Organizer 158,Home,0.9214250445365906
991,157,Decorative Cushion 157,Home,0.9195740222930908
991,154,Window Curtains 154,Home,0.9193709492683411
992,99,Steel Water Bottle 99,Home,0.8725293278694153
992,96,Storage Organizer 96,Home,0.8615950345993042
992,97,Decorative Cushion 97,Home,0.855782151222229
992,94,Window Curtains 94,Home,0.8441584706306458
992,93,Cotton Bed Sheet 93,Home,0.8314515948295593
993,2,Laptop 2,Electronics,0.9075875282287598
993,8,Wireless Mouse 8,Electronics,0.9033123254776001
993,10,Bluetooth Speaker 10,Electronics,0.890142560005188
993,5,Tablet 5,Electronics,0.8837121725082397
993,1,Smartphone 1,Electronics,0.881202757358551
994,184,Smartwatch 184,Electronics,0.7625689506530762
994,189,Computer Monitor 189,Electronics,0.7593333721160889
994,181,Smartphone 181,Electronics,0.7581507563591003
994,188,Wireless Mouse 188,Electronics,0.7568626999855042
994,183,Wireless Headphones 183,Electronics,0.7556999325752258
995,32,Ergonomic Office Chair 32,Home,0.8256604075431824
995,35,Wall Clock 35,Home,0.8132072687149048
995,37,Decorative Cushion 37,Home,0.8106547594070435
995,40,Home Decor Set 40,Home,0.808327317237854
995,31,Table Lamp 31,Home,0.8082985877990723
996,96,Storage Organizer 96,Home,0.9093984365463257
996,99,Steel Water Bottle 99,Home,0.9087667465209961
996,94,Window Curtains 94,Home,0.8941035866737366
996,93,Cotton Bed Sheet 93,Home,0.8864317536354065
996,97,Decorative Cushion 97,Home,0.8765727877616882
997,179,Face Cream 179,Beauty,0.7938263416290283
997,175,Sunscreen 175,Beauty,0.7929767966270447
997,180,Beauty Care Kit 180,Beauty,0.7926949262619019
997,176,Lip Balm 176,Beauty,0.7696048021316528
997,172,Moisturizer 172,Beauty,0.7573215961456299
998,158,Desk Organizer 158,Home,0.8971477150917053
998,151,Table Lamp 151,Home,0.8836538791656494
998,152,Ergonomic Office Chair 152,Home,0.8828256726264954
998,155,Wall Clock 155,Home,0.8775603771209717
998,157,Decorative Cushion 157,Home,0.8765643835067749
999,162,Cricket Bat 162,Sports,0.8810043334960938
999,164,Tennis Ball Set 164,Sports,0.8710609674453735
999,170,Fitness Band 170,Sports,0.8571382761001587
999,168,Sports Shoes 168,Sports,0.8562235832214355
999,169,Adjustable Dumbbells 169,Sports,0.855294942855835
1000,87,Computer Networks Book 87,Books,0.9038364291191101
1000,83,Machine Learning Book 83,Books,0.8760672211647034
1000,86,Operating Systems Book 86,Books,0.873731255531311
1000,90,Cloud Computing Book 90,Books,0.8690319061279297
1000,84,AI Fundamentals Book 84,Books,0.8672257661819458
